"Date","Close","Open","High","Low","Volume","Change %"
"31/05/2024","15,300.0","15,500.0","15,700.0","15,000.0","369.10K","0.00%"
"30/05/2024","15,300.0","15,000.0","15,800.0","14,600.0","765.20K","2.00%"
"29/05/2024","15,000.0","15,950.0","15,950.0","15,000.0","627.70K","-3.85%"
"28/05/2024","15,600.0","14,400.0","15,900.0","14,400.0","2.17M","0.97%"
"27/05/2024","15,450.0","15,450.0","15,650.0","15,450.0","1.17M","-6.93%"
"24/05/2024","16,600.0","16,800.0","17,050.0","16,000.0","881.50K","-1.19%"
"23/05/2024","16,800.0","16,400.0","17,350.0","16,050.0","1.42M","3.38%"
"22/05/2024","16,250.0","16,950.0","17,050.0","16,100.0","1.08M","-3.85%"
"21/05/2024","16,900.0","17,050.0","17,500.0","16,700.0","950.70K","2.11%"
"20/05/2024","16,550.0","16,000.0","16,550.0","15,500.0","1.19M","6.77%"
"17/05/2024","15,500.0","15,700.0","15,900.0","15,450.0","454.70K","-0.96%"
"16/05/2024","15,650.0","15,400.0","15,700.0","15,350.0","510.20K","1.95%"
"15/05/2024","15,350.0","15,400.0","15,800.0","15,250.0","558.10K","-0.32%"
"14/05/2024","15,400.0","14,700.0","15,800.0","14,700.0","559.60K","0.98%"
"13/05/2024","15,250.0","16,400.0","16,500.0","15,250.0","1.98M","-6.73%"
"10/05/2024","16,350.0","16,700.0","17,000.0","16,000.0","718.60K","-1.51%"
"09/05/2024","16,600.0","17,300.0","17,350.0","16,450.0","680.60K","-3.49%"
"08/05/2024","17,200.0","16,450.0","17,500.0","16,450.0","714.10K","1.78%"
"07/05/2024","16,900.0","17,500.0","17,500.0","16,450.0","1.98M","3.05%"
"06/05/2024","16,400.0","15,600.0","16,400.0","15,550.0","679.80K","6.84%"
"03/05/2024","15,350.0","16,100.0","16,200.0","15,300.0","977.40K","-4.66%"
"02/05/2024","16,100.0","15,000.0","16,250.0","14,500.0","1.46M","5.92%"
"26/04/2024","15,200.0","15,850.0","16,700.0","15,050.0","1.26M","-4.40%"
"25/04/2024","15,900.0","14,950.0","15,900.0","14,950.0","947.30K","6.71%"
"24/04/2024","14,900.0","15,000.0","15,450.0","14,450.0","3.12M","-3.87%"
"23/04/2024","15,500.0","15,500.0","16,650.0","15,500.0","2.39M","-6.91%"
"22/04/2024","16,650.0","18,800.0","18,800.0","16,650.0","1.56M","-6.72%"
"19/04/2024","17,850.0","17,600.0","17,850.0","16,950.0","3.47M","6.89%"
"17/04/2024","16,700.0","16,000.0","16,700.0","16,000.0","1.40M","6.71%"
"16/04/2024","15,650.0","15,000.0","15,800.0","14,600.0","1.95M","4.33%"
"15/04/2024","15,000.0","15,400.0","15,400.0","14,050.0","4.66M","4.17%"
"12/04/2024","14,400.0","14,400.0","14,400.0","14,250.0","1.53M","6.67%"
"11/04/2024","13,500.0","13,800.0","14,850.0","13,450.0","3.14M","-3.91%"
"10/04/2024","14,050.0","14,050.0","14,050.0","13,600.0","1.23M","6.84%"
"09/04/2024","13,150.0","12,300.0","13,150.0","12,200.0","1.04M","6.91%"
"08/04/2024","12,300.0","12,400.0","12,600.0","12,100.0","456.30K","0.00%"
"05/04/2024","12,300.0","12,000.0","12,750.0","12,000.0","959.40K","-0.81%"
"04/04/2024","12,400.0","12,650.0","12,800.0","11,800.0","1.12M","-0.40%"
"03/04/2024","12,450.0","13,000.0","13,000.0","12,350.0","692.80K","-4.23%"
"02/04/2024","13,000.0","12,900.0","13,150.0","12,500.0","933.30K","0.00%"
"01/04/2024","13,000.0","12,500.0","13,000.0","12,200.0","969.20K","3.17%"
"29/03/2024","12,600.0","12,800.0","12,950.0","12,100.0","1.40M","-2.33%"
"28/03/2024","12,900.0","13,000.0","13,000.0","12,600.0","1.65M","3.61%"
"27/03/2024","12,450.0","12,450.0","12,450.0","12,100.0","3.34M","6.87%"
"26/03/2024","11,650.0","11,150.0","11,650.0","11,000.0","1.02M","6.88%"
"25/03/2024","10,900.0","10,300.0","10,900.0","10,000.0","2.12M","6.86%"
"22/03/2024","10,200.0","10,600.0","10,700.0","10,150.0","747.70K","-1.92%"
"21/03/2024","10,400.0","10,500.0","10,500.0","10,200.0","1.04M","-0.95%"
"20/03/2024","10,500.0","10,100.0","10,500.0","9,800.0","923.00K","1.45%"
"19/03/2024","10,350.0","10,500.0","10,500.0","10,150.0","1.43M","2.48%"
"18/03/2024","10,100.0","9,450.0","10,100.0","9,340.0","2.24M","6.88%"
"15/03/2024","9,450.0","9,150.0","9,560.0","9,120.0","900.90K","3.17%"
"14/03/2024","9,160.0","9,360.0","9,360.0","9,150.0","311.90K","-1.51%"
"13/03/2024","9,300.0","9,300.0","9,300.0","9,200.0","272.20K","0.00%"
"12/03/2024","9,300.0","9,300.0","9,340.0","9,150.0","370.90K","0.00%"
"11/03/2024","9,300.0","9,400.0","9,420.0","9,300.0","421.50K","-1.06%"
"08/03/2024","9,400.0","9,280.0","9,450.0","9,140.0","580.00K","1.29%"
"07/03/2024","9,280.0","9,120.0","9,340.0","9,120.0","320.00K","-0.22%"
"06/03/2024","9,300.0","9,370.0","9,550.0","9,260.0","467.40K","-0.43%"
"05/03/2024","9,340.0","9,480.0","9,480.0","9,230.0","383.60K","-0.53%"
"04/03/2024","9,390.0","9,600.0","9,600.0","9,300.0","618.80K","2.51%"
"01/03/2024","9,160.0","9,170.0","9,170.0","9,070.0","470.60K","0.33%"
"29/02/2024","9,130.0","9,200.0","9,200.0","9,070.0","544.10K","-0.76%"
"28/02/2024","9,200.0","9,200.0","9,210.0","9,040.0","582.60K","0.00%"
"27/02/2024","9,200.0","8,920.0","9,300.0","8,870.0","800.30K","2.68%"
"26/02/2024","8,960.0","8,990.0","9,000.0","8,510.0","444.10K","-0.33%"
"23/02/2024","8,990.0","9,180.0","9,180.0","8,980.0","688.00K","-2.07%"
"22/02/2024","9,180.0","8,800.0","9,200.0","8,770.0","1.16M","4.79%"
"21/02/2024","8,760.0","8,800.0","8,800.0","8,690.0","228.40K","-0.23%"
"20/02/2024","8,780.0","8,800.0","8,840.0","8,710.0","421.70K","0.80%"
"19/02/2024","8,710.0","8,800.0","8,800.0","8,620.0","359.90K","-1.14%"
"16/02/2024","8,810.0","8,900.0","8,900.0","8,800.0","361.20K","0.11%"
"15/02/2024","8,800.0","8,470.0","8,850.0","8,470.0","724.30K","4.76%"
"07/02/2024","8,400.0","8,250.0","8,450.0","8,250.0","263.40K","0.48%"
"06/02/2024","8,360.0","8,450.0","8,450.0","8,300.0","286.10K","0.60%"
"05/02/2024","8,310.0","8,410.0","8,550.0","8,300.0","397.30K","-0.95%"
"02/02/2024","8,390.0","8,700.0","8,700.0","8,360.0","1.03M","-3.56%"
"01/02/2024","8,700.0","8,800.0","8,820.0","8,630.0","339.70K","0.00%"
"31/01/2024","8,700.0","9,010.0","9,050.0","8,610.0","324.40K","-1.25%"
"30/01/2024","8,810.0","8,500.0","8,990.0","8,500.0","762.60K","3.65%"
"29/01/2024","8,500.0","9,030.0","9,120.0","8,500.0","1.23M","-6.08%"
"26/01/2024","9,050.0","9,240.0","9,300.0","9,010.0","610.00K","-1.63%"
"25/01/2024","9,200.0","9,250.0","9,300.0","9,200.0","379.30K","-0.97%"
"24/01/2024","9,290.0","9,400.0","9,480.0","9,290.0","604.00K","-1.69%"
"23/01/2024","9,450.0","9,670.0","9,670.0","9,380.0","398.20K","-0.53%"
"22/01/2024","9,500.0","9,520.0","9,670.0","9,400.0","435.80K","0.00%"
"19/01/2024","9,500.0","9,360.0","9,800.0","9,360.0","521.70K","2.04%"
"18/01/2024","9,310.0","9,510.0","9,640.0","9,310.0","634.10K","-2.62%"
"17/01/2024","9,560.0","9,630.0","9,650.0","9,510.0","447.10K","0.63%"
"16/01/2024","9,500.0","9,500.0","9,650.0","9,340.0","495.00K","0.00%"
"15/01/2024","9,500.0","9,510.0","9,740.0","9,500.0","306.80K","-0.11%"
"12/01/2024","9,510.0","9,800.0","9,800.0","9,300.0","693.70K","-2.96%"
"11/01/2024","9,800.0","9,660.0","9,900.0","9,660.0","451.60K","1.55%"
"10/01/2024","9,650.0","9,990.0","10,000.0","9,500.0","1.09M","-3.40%"
"09/01/2024","9,990.0","10,050.0","10,100.0","9,960.0","825.60K","-0.60%"
"08/01/2024","10,050.0","10,100.0","10,200.0","9,980.0","1.03M","0.60%"
"05/01/2024","9,990.0","10,100.0","10,150.0","9,970.0","1.05M","-1.09%"
"04/01/2024","10,100.0","10,150.0","10,200.0","10,050.0","1.45M","-0.49%"
"03/01/2024","10,150.0","10,250.0","10,250.0","10,050.0","669.60K","0.00%"
"02/01/2024","10,150.0","10,200.0","10,550.0","9,980.0","984.40K","1.00%"
"29/12/2023","10,050.0","10,000.0","10,450.0","10,000.0","4.69M","-6.51%"
"28/12/2023","10,750.0","10,850.0","10,850.0","10,700.0","565.20K","-0.46%"
"27/12/2023","10,800.0","10,800.0","10,950.0","10,750.0","724.20K","-0.46%"
"26/12/2023","10,850.0","10,950.0","11,000.0","10,800.0","517.20K","0.46%"
"25/12/2023","10,800.0","10,700.0","10,950.0","10,700.0","686.00K","0.00%"
"22/12/2023","10,800.0","11,100.0","11,100.0","10,800.0","643.80K","-0.92%"
"21/12/2023","10,900.0","10,900.0","11,100.0","10,800.0","371.10K","-0.46%"
"20/12/2023","10,950.0","11,000.0","11,250.0","10,900.0","339.20K","-0.45%"
"19/12/2023","11,000.0","11,000.0","11,200.0","10,700.0","641.00K","-0.45%"
"18/12/2023","11,050.0","10,850.0","11,350.0","10,850.0","780.50K","1.84%"
"15/12/2023","10,850.0","10,950.0","11,050.0","10,700.0","552.70K","-0.91%"
"14/12/2023","10,950.0","11,000.0","11,150.0","10,750.0","652.50K","0.46%"
"13/12/2023","10,900.0","11,200.0","11,400.0","10,800.0","926.00K","-2.24%"
"12/12/2023","11,150.0","11,050.0","11,400.0","11,050.0","440.00K","1.36%"
"11/12/2023","11,000.0","11,500.0","11,500.0","10,950.0","1.27M","-4.35%"
"08/12/2023","11,500.0","11,750.0","11,900.0","11,350.0","914.00K","-2.13%"
"07/12/2023","11,750.0","11,200.0","11,750.0","11,200.0","4.23M","6.82%"
"06/12/2023","11,000.0","10,850.0","11,050.0","10,850.0","942.00K","1.38%"
"05/12/2023","10,850.0","11,250.0","11,250.0","10,800.0","960.70K","-1.81%"
"04/12/2023","11,050.0","10,800.0","11,250.0","10,800.0","1.06M","2.31%"
"01/12/2023","10,800.0","10,400.0","11,000.0","10,400.0","2.43M","-3.14%"
"30/11/2023","11,150.0","11,100.0","11,600.0","11,050.0","954.50K","-0.89%"
"29/11/2023","11,250.0","11,350.0","11,350.0","11,000.0","511.80K","0.00%"
"28/11/2023","11,250.0","10,800.0","11,250.0","10,600.0","693.50K","4.17%"
"27/11/2023","10,800.0","11,300.0","11,300.0","10,700.0","837.50K","-3.14%"
"24/11/2023","11,150.0","11,450.0","11,500.0","10,700.0","1.95M","-2.62%"
"23/11/2023","11,450.0","12,300.0","12,450.0","11,450.0","1.62M","-6.91%"
"22/11/2023","12,300.0","12,300.0","12,400.0","12,000.0","1.03M","-0.81%"
"21/11/2023","12,400.0","12,350.0","12,400.0","11,800.0","1.67M","1.22%"
"20/11/2023","12,250.0","12,000.0","12,400.0","11,600.0","1.63M","1.66%"
"17/11/2023","12,050.0","11,500.0","12,050.0","11,350.0","4.92M","6.64%"
"16/11/2023","11,300.0","11,050.0","11,300.0","10,950.0","723.80K","1.80%"
"15/11/2023","11,100.0","11,700.0","11,700.0","11,000.0","1.10M","-0.89%"
"14/11/2023","11,200.0","11,300.0","11,300.0","10,900.0","810.70K","1.82%"
"13/11/2023","11,000.0","11,200.0","11,450.0","10,850.0","851.50K","-1.35%"
"10/11/2023","11,150.0","11,150.0","11,500.0","10,950.0","1.58M","-1.76%"
"09/11/2023","11,350.0","11,250.0","11,750.0","11,000.0","1.12M","2.71%"
"08/11/2023","11,050.0","10,250.0","11,050.0","10,250.0","1.38M","6.76%"
"07/11/2023","10,350.0","10,650.0","10,750.0","10,350.0","498.60K","-2.82%"
"06/11/2023","10,650.0","10,600.0","10,850.0","10,500.0","594.10K","0.47%"
"03/11/2023","10,600.0","10,850.0","10,850.0","10,350.0","967.20K","4.43%"
"02/11/2023","10,150.0","9,800.0","10,150.0","9,800.0","399.50K","6.84%"
"01/11/2023","9,500.0","9,500.0","9,870.0","9,010.0","482.20K","0.00%"
"31/10/2023","9,500.0","10,150.0","10,250.0","9,500.0","950.30K","-5.00%"
"30/10/2023","10,000.0","10,550.0","10,600.0","10,000.0","423.50K","-6.54%"
"27/10/2023","10,700.0","10,800.0","10,900.0","9,900.0","955.10K","2.39%"
"26/10/2023","10,450.0","10,600.0","10,800.0","10,450.0","854.30K","-6.70%"
"25/10/2023","11,200.0","11,350.0","11,500.0","10,950.0","711.80K","-0.88%"
"24/10/2023","11,300.0","11,450.0","11,450.0","10,750.0","665.00K","1.35%"
"23/10/2023","11,150.0","11,100.0","11,200.0","10,850.0","888.10K","3.24%"
"20/10/2023","10,800.0","10,150.0","10,800.0","10,000.0","747.80K","6.93%"
"19/10/2023","10,100.0","10,050.0","10,350.0","9,700.0","626.30K","0.50%"
"18/10/2023","10,050.0","10,500.0","10,700.0","9,900.0","985.20K","-4.29%"
"17/10/2023","10,500.0","11,350.0","11,350.0","10,500.0","560.20K","-4.55%"
"16/10/2023","11,000.0","11,250.0","11,600.0","11,000.0","577.50K","-5.17%"
"13/10/2023","11,600.0","11,050.0","11,600.0","10,800.0","903.70K","0.43%"
"12/10/2023","11,550.0","11,650.0","11,900.0","11,250.0","985.90K","1.76%"
"11/10/2023","11,350.0","11,100.0","11,350.0","11,000.0","1.54M","6.57%"
"10/10/2023","10,650.0","10,000.0","10,650.0","10,000.0","620.50K","6.61%"
"09/10/2023","9,990.0","10,000.0","10,050.0","9,510.0","429.20K","0.91%"
"06/10/2023","9,900.0","9,610.0","10,000.0","9,320.0","873.10K","-0.70%"
"05/10/2023","9,970.0","10,650.0","10,750.0","9,950.0","693.30K","-6.38%"
"04/10/2023","10,650.0","10,200.0","10,950.0","10,050.0","627.60K","-0.93%"
"03/10/2023","10,750.0","11,400.0","11,400.0","10,750.0","1.06M","-6.93%"
"02/10/2023","11,550.0","11,550.0","11,650.0","11,300.0","458.90K","0.00%"
"29/09/2023","11,550.0","12,000.0","12,000.0","11,300.0","733.90K","-0.43%"
"28/09/2023","11,600.0","11,500.0","11,800.0","11,300.0","733.00K","3.11%"
"27/09/2023","11,250.0","11,000.0","11,400.0","10,500.0","988.40K","2.27%"
"26/09/2023","11,000.0","11,550.0","12,150.0","11,000.0","1.27M","-6.38%"
"25/09/2023","11,750.0","12,350.0","12,600.0","11,750.0","1.10M","-6.75%"
"22/09/2023","12,600.0","12,850.0","13,150.0","12,500.0","2.20M","-5.97%"
"21/09/2023","13,400.0","13,950.0","13,950.0","13,400.0","1.10M","-4.29%"
"20/09/2023","14,000.0","13,800.0","14,050.0","13,300.0","909.90K","2.94%"
"19/09/2023","13,600.0","13,150.0","13,600.0","12,700.0","1.24M","2.26%"
"18/09/2023","13,300.0","13,600.0","14,000.0","13,250.0","931.10K","-5.00%"
"15/09/2023","14,000.0","13,900.0","14,000.0","12,600.0","1.98M","3.70%"
"14/09/2023","13,500.0","14,250.0","14,700.0","13,500.0","2.38M","-6.90%"
"13/09/2023","14,500.0","14,800.0","14,900.0","13,900.0","2.25M","2.11%"
"12/09/2023","14,200.0","13,350.0","14,200.0","13,350.0","1.39M","6.77%"
"11/09/2023","13,300.0","13,550.0","14,700.0","13,300.0","2.33M","-5.67%"
"08/09/2023","14,100.0","15,600.0","15,950.0","14,100.0","4.33M","-6.93%"
"07/09/2023","15,150.0","14,300.0","15,200.0","14,300.0","2.35M","6.32%"
"06/09/2023","14,250.0","13,900.0","14,250.0","13,350.0","2.68M","6.74%"
"05/09/2023","13,350.0","13,250.0","13,350.0","12,900.0","2.42M","6.80%"
"31/08/2023","12,500.0","11,850.0","12,500.0","11,750.0","2.32M","6.84%"
"30/08/2023","11,700.0","11,800.0","12,000.0","11,400.0","732.50K","0.86%"
"29/08/2023","11,600.0","11,850.0","11,950.0","11,150.0","3.44M","3.57%"
"28/08/2023","11,200.0","10,800.0","11,200.0","10,550.0","500.00K","6.67%"
"25/08/2023","10,500.0","10,850.0","10,850.0","10,450.0","468.60K","-2.78%"
"24/08/2023","10,800.0","10,450.0","10,800.0","10,200.0","599.30K","3.35%"
"23/08/2023","10,450.0","10,850.0","10,850.0","10,400.0","723.60K","-0.48%"
"22/08/2023","10,500.0","10,250.0","10,500.0","9,700.0","1.07M","2.94%"
"21/08/2023","10,200.0","10,000.0","10,600.0","9,860.0","1.66M","-3.77%"
"18/08/2023","10,600.0","10,950.0","11,350.0","10,600.0","1.32M","-6.61%"
"17/08/2023","11,350.0","11,800.0","12,000.0","11,350.0","1.32M","-5.42%"
"16/08/2023","12,000.0","11,700.0","12,000.0","11,600.0","997.40K","0.84%"
"15/08/2023","11,900.0","12,200.0","12,450.0","11,500.0","973.50K","0.00%"
"14/08/2023","11,900.0","12,400.0","12,700.0","11,400.0","1.84M","0.00%"
"11/08/2023","11,900.0","11,300.0","11,900.0","11,200.0","2.59M","6.73%"
"10/08/2023","11,150.0","10,600.0","11,150.0","10,600.0","2.78M","6.70%"
"09/08/2023","10,450.0","10,300.0","10,750.0","10,300.0","1.03M","0.00%"
"08/08/2023","10,450.0","10,600.0","10,900.0","10,400.0","980.10K","-1.42%"
"07/08/2023","10,600.0","11,000.0","11,000.0","10,250.0","2.23M","-2.75%"
"04/08/2023","10,900.0","10,950.0","11,500.0","10,700.0","1.31M","-0.46%"
"03/08/2023","10,950.0","11,150.0","11,300.0","10,700.0","1.94M","2.34%"
"02/08/2023","10,700.0","9,800.0","10,700.0","9,800.0","1.61M","7.00%"
"01/08/2023","10,000.0","11,050.0","11,050.0","10,000.0","5.48M","-3.38%"
"31/07/2023","10,350.0","10,350.0","10,350.0","10,350.0","644.30K","6.92%"
"28/07/2023","9,680.0","9,200.0","9,680.0","9,160.0","1.95M","6.96%"
"27/07/2023","9,050.0","9,200.0","9,200.0","8,950.0","1.02M","-0.33%"
"26/07/2023","9,080.0","9,100.0","9,190.0","9,000.0","767.30K","-0.22%"
"25/07/2023","9,100.0","9,360.0","9,370.0","9,030.0","582.70K","-2.78%"
"24/07/2023","9,360.0","9,450.0","9,450.0","9,030.0","1.12M","3.65%"
"21/07/2023","9,030.0","8,940.0","9,090.0","8,800.0","624.80K","3.20%"
"20/07/2023","8,750.0","8,900.0","8,900.0","8,520.0","734.60K","-1.80%"
"19/07/2023","8,910.0","9,500.0","9,500.0","8,900.0","997.10K","-5.41%"
"18/07/2023","9,420.0","9,500.0","9,700.0","9,110.0","1.59M","3.40%"
"17/07/2023","9,110.0","8,890.0","9,110.0","8,600.0","961.00K","6.92%"
"14/07/2023","8,520.0","8,290.0","8,740.0","8,200.0","1.22M","3.65%"
"13/07/2023","8,220.0","8,200.0","8,350.0","8,110.0","706.60K","0.37%"
"12/07/2023","8,190.0","8,290.0","8,350.0","8,050.0","712.50K","-0.73%"
"11/07/2023","8,250.0","8,310.0","8,390.0","8,200.0","911.80K","0.00%"
"10/07/2023","8,250.0","8,050.0","8,400.0","8,050.0","862.20K","2.36%"
"07/07/2023","8,060.0","7,950.0","8,190.0","7,850.0","519.30K","-1.59%"
"06/07/2023","8,190.0","8,550.0","8,550.0","8,100.0","621.20K","-4.21%"
"05/07/2023","8,550.0","8,790.0","8,790.0","8,490.0","494.40K","0.00%"
"04/07/2023","8,550.0","8,290.0","8,700.0","8,260.0","796.90K","4.01%"
"03/07/2023","8,220.0","8,440.0","8,500.0","8,000.0","475.90K","-0.12%"
"30/06/2023","8,230.0","8,830.0","8,830.0","8,230.0","1.61M","-6.90%"
"29/06/2023","8,840.0","9,450.0","9,500.0","8,840.0","1.98M","-6.95%"
"28/06/2023","9,500.0","9,400.0","9,850.0","9,260.0","753.60K","1.06%"
"27/06/2023","9,400.0","9,400.0","9,900.0","9,400.0","2.83M","-6.93%"
"26/06/2023","10,100.0","10,400.0","10,400.0","10,100.0","420.10K","-6.91%"
"23/06/2023","10,850.0","10,700.0","10,850.0","10,050.0","2.36M","6.90%"
"22/06/2023","10,150.0","10,150.0","10,150.0","10,000.0","1.90M","6.62%"
"21/06/2023","9,520.0","9,190.0","9,520.0","8,950.0","977.50K","6.97%"
"20/06/2023","8,900.0","9,600.0","9,700.0","8,900.0","1.06M","-6.90%"
"19/06/2023","9,560.0","9,800.0","9,900.0","9,120.0","1.67M","-2.45%"
"16/06/2023","9,800.0","9,800.0","11,200.0","9,800.0","5.13M","-6.67%"
"15/06/2023","10,500.0","10,500.0","10,500.0","10,500.0","176.40K","-6.67%"
"14/06/2023","11,250.0","12,850.0","12,850.0","11,250.0","2.82M","-6.64%"
"13/06/2023","12,050.0","12,050.0","12,050.0","12,050.0","461.00K","6.64%"
"12/06/2023","11,300.0","11,300.0","11,300.0","11,300.0","417.50K","6.60%"
"09/06/2023","10,600.0","9,920.0","10,600.0","9,920.0","1.48M","6.85%"
"08/06/2023","9,920.0","9,920.0","9,920.0","9,710.0","1.91M","6.90%"
"07/06/2023","9,280.0","9,110.0","9,280.0","8,700.0","2.16M","6.91%"
"06/06/2023","8,680.0","8,680.0","8,680.0","8,400.0","3.96M","6.90%"
"05/06/2023","8,120.0","8,120.0","8,120.0","8,120.0","133.40K","6.98%"
"02/06/2023","7,590.0","7,590.0","7,590.0","7,590.0","147.80K","6.90%"
"01/06/2023","7,100.0","7,100.0","7,100.0","7,100.0","109.70K","6.93%"
"31/05/2023","6,640.0","6,640.0","6,640.0","6,640.0","107.80K","6.92%"
"30/05/2023","6,210.0","6,210.0","6,210.0","6,210.0","199.60K","6.88%"
"29/05/2023","5,810.0","5,810.0","5,810.0","5,710.0","650.70K","7.00%"
"26/05/2023","5,430.0","5,200.0","5,430.0","5,120.0","766.50K","6.89%"
"25/05/2023","5,080.0","5,080.0","5,200.0","5,070.0","286.90K","0.20%"
"24/05/2023","5,070.0","5,010.0","5,290.0","5,000.0","507.60K","1.40%"
"23/05/2023","5,000.0","5,180.0","5,180.0","4,960.0","205.50K","-0.99%"
"22/05/2023","5,050.0","4,870.0","5,050.0","4,850.0","135.50K","2.02%"
"19/05/2023","4,950.0","5,060.0","5,140.0","4,910.0","392.60K","-3.70%"
"18/05/2023","5,140.0","5,020.0","5,210.0","5,020.0","355.00K","2.19%"
"17/05/2023","5,030.0","4,750.0","5,030.0","4,750.0","623.50K","6.79%"
"16/05/2023","4,710.0","4,900.0","4,980.0","4,710.0","600.30K","-4.85%"
"15/05/2023","4,950.0","5,300.0","5,300.0","4,910.0","651.20K","-1.98%"
"12/05/2023","5,050.0","4,950.0","5,190.0","4,900.0","740.10K","2.85%"
"11/05/2023","4,910.0","4,910.0","4,910.0","4,620.0","1.32M","6.97%"
"10/05/2023","4,590.0","4,370.0","4,590.0","4,370.0","541.60K","6.99%"
"09/05/2023","4,290.0","4,270.0","4,390.0","4,270.0","204.30K","0.47%"
"08/05/2023","4,270.0","4,290.0","4,300.0","4,240.0","153.50K","0.47%"
"05/05/2023","4,250.0","4,060.0","4,300.0","4,060.0","447.40K","4.42%"
"04/05/2023","4,070.0","4,080.0","4,120.0","4,040.0","119.60K","-0.25%"
"28/04/2023","4,080.0","4,070.0","4,150.0","4,000.0","252.80K","0.25%"
"27/04/2023","4,070.0","4,090.0","4,120.0","4,060.0","135.30K","-0.49%"
"26/04/2023","4,090.0","4,020.0","4,120.0","4,020.0","52.10K","-0.24%"
"25/04/2023","4,100.0","4,100.0","4,200.0","4,030.0","70.50K","0.24%"
"24/04/2023","4,090.0","4,030.0","4,200.0","4,010.0","77.30K","2.00%"
"21/04/2023","4,010.0","4,160.0","4,170.0","4,000.0","263.70K","-3.61%"
"20/04/2023","4,160.0","4,160.0","4,200.0","4,120.0","80.80K","0.00%"
"19/04/2023","4,160.0","4,270.0","4,270.0","4,150.0","158.60K","-0.72%"
"18/04/2023","4,190.0","4,160.0","4,200.0","4,140.0","174.00K","0.24%"
"17/04/2023","4,180.0","4,210.0","4,210.0","4,100.0","112.20K","-0.71%"
"14/04/2023","4,210.0","4,200.0","4,350.0","4,200.0","192.00K","-2.09%"
"13/04/2023","4,300.0","4,390.0","4,420.0","4,230.0","138.10K","-2.05%"
"12/04/2023","4,390.0","4,400.0","4,550.0","4,360.0","240.50K","-0.23%"
"11/04/2023","4,400.0","4,500.0","4,500.0","4,200.0","209.50K","-2.22%"
"10/04/2023","4,500.0","4,450.0","4,570.0","4,260.0","322.90K","0.67%"
"07/04/2023","4,470.0","4,550.0","4,560.0","4,400.0","292.00K","-1.11%"
"06/04/2023","4,520.0","4,230.0","4,520.0","4,230.0","811.90K","6.86%"
"05/04/2023","4,230.0","4,200.0","4,230.0","4,110.0","296.00K","0.71%"
"04/04/2023","4,200.0","4,120.0","4,210.0","4,110.0","294.70K","3.45%"
"03/04/2023","4,060.0","4,000.0","4,120.0","4,000.0","271.10K","2.78%"
"31/03/2023","3,950.0","3,930.0","3,990.0","3,930.0","189.40K","0.25%"
"30/03/2023","3,940.0","3,920.0","3,960.0","3,900.0","136.40K","0.77%"
"29/03/2023","3,910.0","3,960.0","3,990.0","3,910.0","147.20K","-1.76%"
"28/03/2023","3,980.0","4,100.0","4,100.0","3,930.0","187.30K","-0.50%"
"27/03/2023","4,000.0","4,000.0","4,000.0","3,950.0","196.70K","1.27%"
"24/03/2023","3,950.0","3,920.0","3,950.0","3,850.0","763.70K","0.00%"
"23/03/2023","3,950.0","3,840.0","3,950.0","3,840.0","73.30K","0.00%"
"22/03/2023","3,950.0","3,980.0","4,050.0","3,800.0","282.20K","0.00%"
"21/03/2023","3,950.0","3,840.0","3,950.0","3,800.0","184.40K","3.40%"
"20/03/2023","3,820.0","3,800.0","3,860.0","3,790.0","109.30K","-1.29%"
"17/03/2023","3,870.0","3,930.0","3,930.0","3,850.0","102.50K","-1.53%"
"16/03/2023","3,930.0","3,900.0","3,930.0","3,860.0","104.30K","-1.01%"
"15/03/2023","3,970.0","3,900.0","3,980.0","3,850.0","234.90K","3.12%"
"14/03/2023","3,850.0","3,890.0","3,980.0","3,810.0","21.40K","-2.04%"
"13/03/2023","3,930.0","3,900.0","3,930.0","3,860.0","62.10K","1.81%"
"10/03/2023","3,860.0","3,900.0","3,930.0","3,860.0","135.70K","-2.03%"
"09/03/2023","3,940.0","3,960.0","3,960.0","3,830.0","107.10K","1.81%"
"08/03/2023","3,870.0","3,880.0","3,880.0","3,790.0","179.20K","1.84%"
"07/03/2023","3,800.0","3,920.0","3,920.0","3,650.0","267.30K","-3.06%"
"06/03/2023","3,920.0","3,870.0","4,000.0","3,870.0","135.50K","1.03%"
"03/03/2023","3,880.0","3,930.0","3,940.0","3,860.0","61.70K","-0.51%"
"02/03/2023","3,900.0","3,890.0","3,910.0","3,860.0","57.50K","0.26%"
"01/03/2023","3,890.0","3,880.0","3,890.0","3,800.0","110.10K","0.00%"
"28/02/2023","3,890.0","3,950.0","3,960.0","3,880.0","71.60K","-0.26%"
"27/02/2023","3,900.0","3,930.0","3,990.0","3,810.0","117.90K","-1.27%"
"24/02/2023","3,950.0","4,000.0","4,000.0","3,940.0","117.90K","-1.25%"
"23/02/2023","4,000.0","4,000.0","4,080.0","3,880.0","130.40K","0.50%"
"22/02/2023","3,980.0","4,100.0","4,130.0","3,980.0","198.30K","-4.33%"
"21/02/2023","4,160.0","4,280.0","4,280.0","4,100.0","253.60K","0.00%"
"20/02/2023","4,160.0","4,000.0","4,190.0","4,000.0","303.40K","4.00%"
"17/02/2023","4,000.0","4,090.0","4,100.0","4,000.0","195.40K","-2.20%"
"16/02/2023","4,090.0","4,190.0","4,190.0","4,000.0","133.30K","-0.24%"
"15/02/2023","4,100.0","4,000.0","4,180.0","3,950.0","208.10K","2.50%"
"14/02/2023","4,000.0","4,000.0","4,000.0","3,920.0","35.20K","0.00%"
"13/02/2023","4,000.0","4,100.0","4,220.0","3,980.0","39.40K","-2.68%"
"10/02/2023","4,110.0","4,160.0","4,160.0","4,080.0","42.30K","-1.91%"
"09/02/2023","4,190.0","4,200.0","4,200.0","4,140.0","43.70K","0.24%"
"08/02/2023","4,180.0","4,120.0","4,190.0","4,000.0","55.00K","1.70%"
"07/02/2023","4,110.0","4,330.0","4,330.0","4,110.0","53.20K","-3.29%"
"06/02/2023","4,250.0","4,200.0","4,250.0","4,150.0","129.20K","1.19%"
"03/02/2023","4,200.0","4,250.0","4,350.0","4,200.0","27.50K","-1.18%"
"02/02/2023","4,250.0","4,400.0","4,400.0","4,050.0","86.60K","-2.30%"
"01/02/2023","4,350.0","4,520.0","4,520.0","4,290.0","129.50K","-2.25%"
"31/01/2023","4,450.0","4,500.0","4,500.0","4,330.0","193.80K","-1.33%"
"30/01/2023","4,510.0","4,570.0","4,600.0","4,390.0","172.90K","2.73%"
"27/01/2023","4,390.0","4,400.0","4,600.0","4,100.0","145.90K","-0.23%"
"19/01/2023","4,400.0","4,350.0","4,400.0","4,270.0","121.60K","2.33%"
"18/01/2023","4,300.0","4,200.0","4,320.0","4,180.0","102.80K","2.87%"
"17/01/2023","4,180.0","4,200.0","4,200.0","4,100.0","401.00K","-0.48%"
"16/01/2023","4,200.0","4,200.0","4,200.0","4,100.0","86.00K","0.24%"
"13/01/2023","4,190.0","4,200.0","4,250.0","4,100.0","162.10K","0.00%"
"12/01/2023","4,190.0","4,160.0","4,200.0","4,150.0","55.60K","0.24%"
"11/01/2023","4,180.0","4,180.0","4,340.0","4,180.0","80.90K","0.24%"
"10/01/2023","4,170.0","4,190.0","4,190.0","4,100.0","77.90K","0.00%"
"09/01/2023","4,170.0","4,150.0","4,300.0","4,150.0","42.70K","-2.11%"
"06/01/2023","4,260.0","4,280.0","4,310.0","4,000.0","114.70K","-0.93%"
"05/01/2023","4,300.0","4,500.0","4,500.0","4,180.0","29.00K","0.00%"
"04/01/2023","4,300.0","4,400.0","4,400.0","4,200.0","156.60K","1.18%"
"03/01/2023","4,250.0","3,980.0","4,250.0","3,900.0","188.40K","6.78%"
"30/12/2022","3,980.0","4,000.0","4,000.0","3,880.0","64.90K","0.00%"
"29/12/2022","3,980.0","4,050.0","4,100.0","3,980.0","98.40K","-1.49%"
"28/12/2022","4,040.0","4,270.0","4,270.0","4,000.0","69.70K","1.00%"
"27/12/2022","4,000.0","3,710.0","4,000.0","3,710.0","56.20K","5.26%"
"26/12/2022","3,800.0","4,000.0","4,100.0","3,800.0","172.70K","-6.17%"
"23/12/2022","4,050.0","4,150.0","4,200.0","4,050.0","109.60K","-1.94%"
"22/12/2022","4,130.0","4,260.0","4,310.0","4,100.0","98.00K","-3.05%"
"21/12/2022","4,260.0","4,580.0","4,580.0","4,260.0","169.60K","-6.99%"
"20/12/2022","4,580.0","4,740.0","4,740.0","4,390.0","99.60K","-2.97%"
"19/12/2022","4,720.0","4,630.0","4,750.0","4,610.0","151.00K","0.43%"
"16/12/2022","4,700.0","4,690.0","4,800.0","4,600.0","130.80K","0.00%"
"15/12/2022","4,700.0","4,700.0","4,740.0","4,610.0","115.60K","0.00%"
"14/12/2022","4,700.0","4,650.0","4,780.0","4,630.0","119.90K","2.84%"
"13/12/2022","4,570.0","4,410.0","4,770.0","4,400.0","93.50K","0.44%"
"12/12/2022","4,550.0","4,820.0","4,820.0","4,400.0","143.80K","0.89%"
"09/12/2022","4,510.0","4,900.0","4,900.0","4,500.0","180.20K","-2.17%"
"08/12/2022","4,610.0","4,560.0","4,820.0","4,560.0","192.10K","2.22%"
"07/12/2022","4,510.0","4,800.0","5,050.0","4,510.0","226.00K","-6.82%"
"06/12/2022","4,840.0","5,300.0","5,300.0","4,840.0","586.10K","-6.92%"
"05/12/2022","5,200.0","5,560.0","5,560.0","5,200.0","325.80K","0.00%"
"02/12/2022","5,200.0","5,000.0","5,250.0","4,850.0","178.70K","1.96%"
"01/12/2022","5,100.0","5,100.0","5,100.0","4,840.0","655.40K","6.92%"
"30/11/2022","4,770.0","4,690.0","4,880.0","4,520.0","255.40K","2.14%"
"29/11/2022","4,670.0","4,440.0","4,710.0","4,410.0","268.90K","5.90%"
"28/11/2022","4,410.0","4,160.0","4,410.0","4,160.0","508.30K","6.78%"
"25/11/2022","4,130.0","3,950.0","4,180.0","3,950.0","260.70K","5.36%"
"24/11/2022","3,920.0","3,810.0","4,100.0","3,810.0","168.60K","-3.45%"
"23/11/2022","4,060.0","4,360.0","4,380.0","4,060.0","240.10K","-6.88%"
"22/11/2022","4,360.0","4,610.0","4,610.0","4,300.0","419.90K","0.69%"
"21/11/2022","4,330.0","4,300.0","4,330.0","4,200.0","479.40K","6.91%"
"18/11/2022","4,050.0","3,800.0","4,050.0","3,800.0","323.70K","6.86%"
"17/11/2022","3,790.0","3,790.0","3,790.0","3,700.0","224.90K","6.76%"
"16/11/2022","3,550.0","3,200.0","3,550.0","3,100.0","415.70K","6.93%"
"15/11/2022","3,320.0","3,400.0","3,500.0","3,320.0","519.90K","-5.14%"
"14/11/2022","3,500.0","3,320.0","3,500.0","3,320.0","544.20K","-1.69%"
"11/11/2022","3,560.0","3,820.0","3,960.0","3,560.0","286.40K","-6.81%"
"10/11/2022","3,820.0","4,200.0","4,200.0","3,820.0","312.20K","-6.83%"
"09/11/2022","4,100.0","4,190.0","4,200.0","3,860.0","302.80K","-0.97%"
"08/11/2022","4,140.0","4,100.0","4,400.0","4,100.0","300.20K","-5.91%"
"07/11/2022","4,400.0","4,730.0","4,750.0","4,400.0","359.80K","-6.98%"
"04/11/2022","4,730.0","4,820.0","4,990.0","4,710.0","99.30K","-5.40%"
"03/11/2022","5,000.0","5,080.0","5,150.0","4,960.0","117.20K","-1.96%"
"02/11/2022","5,100.0","5,290.0","5,290.0","5,100.0","87.10K","-3.59%"
"01/11/2022","5,290.0","4,900.0","5,470.0","4,900.0","76.20K","1.54%"
"31/10/2022","5,210.0","5,320.0","5,510.0","5,000.0","70.10K","-1.88%"
"28/10/2022","5,310.0","5,690.0","5,690.0","5,300.0","54.70K","-1.30%"
"27/10/2022","5,380.0","5,200.0","5,390.0","5,100.0","136.10K","3.46%"
"26/10/2022","5,200.0","5,260.0","5,400.0","4,950.0","69.90K","-1.14%"
"25/10/2022","5,260.0","5,310.0","5,320.0","4,940.0","236.90K","-0.94%"
"24/10/2022","5,310.0","5,700.0","5,700.0","5,310.0","170.90K","-6.84%"
"21/10/2022","5,700.0","6,100.0","6,100.0","5,680.0","145.10K","-6.56%"
"20/10/2022","6,100.0","6,390.0","6,400.0","6,000.0","56.60K","-4.54%"
"19/10/2022","6,390.0","6,300.0","6,410.0","6,210.0","36.40K","0.63%"
"18/10/2022","6,350.0","6,280.0","6,500.0","6,250.0","148.20K","1.11%"
"17/10/2022","6,280.0","6,300.0","6,300.0","5,900.0","54.50K","0.00%"
"14/10/2022","6,280.0","6,100.0","6,350.0","6,100.0","150.10K","3.80%"
"13/10/2022","6,050.0","5,810.0","6,200.0","5,810.0","70.80K","4.31%"
"12/10/2022","5,800.0","5,500.0","5,990.0","5,500.0","55.50K","0.52%"
"11/10/2022","5,770.0","6,000.0","6,000.0","5,770.0","155.10K","-6.94%"
"10/10/2022","6,200.0","5,960.0","6,300.0","5,960.0","205.80K","-1.90%"
"07/10/2022","6,320.0","6,600.0","6,600.0","6,170.0","204.40K","-4.68%"
"06/10/2022","6,630.0","6,950.0","7,200.0","6,630.0","59.40K","-4.60%"
"05/10/2022","6,950.0","6,800.0","6,950.0","6,740.0","86.80K","4.51%"
"04/10/2022","6,650.0","6,800.0","6,830.0","6,650.0","84.60K","0.00%"
"03/10/2022","6,650.0","7,000.0","7,090.0","6,640.0","415.20K","0.30%"
"30/09/2022","6,630.0","7,000.0","7,000.0","6,570.0","244.50K","-5.29%"
"29/09/2022","7,000.0","7,060.0","7,130.0","6,950.0","157.40K","-1.41%"
"28/09/2022","7,100.0","7,120.0","7,190.0","7,000.0","96.80K","0.00%"
"27/09/2022","7,100.0","7,200.0","7,300.0","7,090.0","124.30K","-1.39%"
"26/09/2022","7,200.0","7,400.0","7,650.0","7,120.0","260.50K","-5.88%"
"23/09/2022","7,650.0","7,860.0","7,860.0","7,650.0","87.70K","-1.92%"
"22/09/2022","7,800.0","7,400.0","7,800.0","7,400.0","93.50K","2.63%"
"21/09/2022","7,600.0","7,600.0","7,790.0","7,500.0","62.00K","-2.56%"
"20/09/2022","7,800.0","7,610.0","7,980.0","7,560.0","235.70K","3.72%"
"19/09/2022","7,520.0","8,020.0","8,020.0","7,520.0","232.10K","-6.00%"
"16/09/2022","8,000.0","8,000.0","8,190.0","7,950.0","274.40K","-0.99%"
"15/09/2022","8,080.0","8,000.0","8,220.0","7,950.0","369.40K","1.64%"
"14/09/2022","7,950.0","7,830.0","8,050.0","7,830.0","121.40K","-1.36%"
"13/09/2022","8,060.0","7,950.0","8,060.0","7,810.0","141.40K","1.26%"
"12/09/2022","7,960.0","8,000.0","8,200.0","7,960.0","98.40K","0.00%"
"09/09/2022","7,960.0","7,910.0","8,080.0","7,750.0","187.10K","0.76%"
"08/09/2022","7,900.0","8,100.0","8,170.0","7,900.0","197.30K","-2.47%"
"07/09/2022","8,100.0","8,600.0","8,600.0","8,100.0","341.70K","-5.81%"
"06/09/2022","8,600.0","8,500.0","8,700.0","8,420.0","241.80K","0.94%"
"05/09/2022","8,520.0","8,400.0","8,600.0","8,300.0","214.40K","1.91%"
"31/08/2022","8,360.0","8,360.0","8,360.0","8,220.0","198.10K","1.95%"
"30/08/2022","8,200.0","8,600.0","8,600.0","8,160.0","142.60K","-0.61%"
"29/08/2022","8,250.0","8,300.0","8,400.0","8,000.0","314.60K","-2.71%"
"26/08/2022","8,480.0","8,600.0","8,700.0","8,480.0","338.40K","-2.08%"
"25/08/2022","8,660.0","8,760.0","8,800.0","8,590.0","315.00K","-1.14%"
"24/08/2022","8,760.0","8,600.0","9,000.0","8,600.0","175.10K","3.06%"
"23/08/2022","8,500.0","8,300.0","8,500.0","8,000.0","190.20K","2.41%"
"22/08/2022","8,300.0","8,400.0","8,480.0","8,200.0","304.50K","-2.47%"
"19/08/2022","8,510.0","8,420.0","8,730.0","8,420.0","133.40K","-2.07%"
"18/08/2022","8,690.0","8,890.0","8,890.0","8,350.0","326.50K","-1.25%"
"17/08/2022","8,800.0","8,860.0","9,100.0","8,700.0","417.10K","-0.68%"
"16/08/2022","8,860.0","8,900.0","8,970.0","8,790.0","238.70K","-0.45%"
"15/08/2022","8,900.0","8,950.0","9,190.0","8,900.0","148.10K","-0.56%"
"12/08/2022","8,950.0","8,860.0","9,130.0","8,860.0","134.40K","0.56%"
"11/08/2022","8,900.0","9,680.0","9,680.0","8,790.0","410.00K","-2.52%"
"10/08/2022","9,130.0","8,810.0","9,300.0","8,810.0","494.10K","3.63%"
"09/08/2022","8,810.0","8,960.0","8,960.0","8,770.0","233.90K","-0.34%"
"08/08/2022","8,840.0","8,810.0","9,080.0","8,810.0","269.30K","0.23%"
"05/08/2022","8,820.0","8,700.0","9,200.0","8,510.0","425.20K","0.00%"
"04/08/2022","8,820.0","8,720.0","9,030.0","8,720.0","386.90K","-3.08%"
"03/08/2022","9,100.0","9,380.0","9,380.0","9,010.0","724.70K","3.76%"
"02/08/2022","8,770.0","8,770.0","8,770.0","8,750.0","310.90K","6.95%"
"01/08/2022","8,200.0","8,300.0","8,300.0","8,000.0","345.60K","2.37%"
"29/07/2022","8,010.0","8,020.0","8,170.0","8,010.0","142.40K","-0.37%"
"28/07/2022","8,040.0","8,290.0","8,290.0","8,000.0","324.00K","0.50%"
"27/07/2022","8,000.0","7,650.0","8,000.0","7,650.0","134.60K","4.58%"
"26/07/2022","7,650.0","7,700.0","8,080.0","7,650.0","114.60K","-0.39%"
"25/07/2022","7,680.0","8,000.0","8,000.0","7,660.0","117.10K","-1.79%"
"22/07/2022","7,820.0","7,920.0","8,010.0","7,820.0","168.90K","-2.25%"
"21/07/2022","8,000.0","8,150.0","8,250.0","7,900.0","119.50K","-1.84%"
"20/07/2022","8,150.0","8,100.0","8,290.0","8,100.0","173.90K","1.88%"
"19/07/2022","8,000.0","7,850.0","8,100.0","7,850.0","202.20K","1.91%"
"18/07/2022","7,850.0","7,850.0","8,070.0","7,800.0","118.00K","0.38%"
"15/07/2022","7,820.0","8,000.0","8,000.0","7,800.0","194.90K","-0.76%"
"14/07/2022","7,880.0","7,530.0","8,000.0","7,530.0","157.10K","-0.13%"
"13/07/2022","7,890.0","7,800.0","8,100.0","7,780.0","665.60K","1.15%"
"12/07/2022","7,800.0","7,400.0","7,800.0","7,400.0","209.70K","6.41%"
"11/07/2022","7,330.0","7,460.0","7,750.0","7,300.0","191.30K","-1.74%"
"08/07/2022","7,460.0","7,060.0","7,500.0","7,060.0","101.70K","5.82%"
"07/07/2022","7,050.0","7,290.0","7,290.0","7,020.0","126.30K","1.88%"
"06/07/2022","6,920.0","7,150.0","7,210.0","6,810.0","125.20K","-3.89%"
"05/07/2022","7,200.0","7,450.0","7,490.0","7,200.0","91.70K","-4.00%"
"04/07/2022","7,500.0","7,410.0","7,790.0","7,350.0","79.80K","2.74%"
"01/07/2022","7,300.0","7,520.0","7,520.0","7,050.0","164.40K","-2.93%"
"30/06/2022","7,520.0","7,550.0","7,820.0","7,520.0","75.30K","-2.72%"
"29/06/2022","7,730.0","7,600.0","7,820.0","7,600.0","134.80K","-1.02%"
"28/06/2022","7,810.0","7,770.0","8,100.0","7,700.0","141.70K","2.76%"
"27/06/2022","7,600.0","7,420.0","7,800.0","7,320.0","139.60K","2.43%"
"24/06/2022","7,420.0","7,580.0","7,800.0","7,350.0","181.70K","-2.11%"
"23/06/2022","7,580.0","7,150.0","7,610.0","7,120.0","201.60K","6.46%"
"22/06/2022","7,120.0","6,900.0","7,120.0","6,520.0","273.20K","6.91%"
"21/06/2022","6,660.0","6,900.0","7,200.0","6,650.0","349.20K","-6.85%"
"20/06/2022","7,150.0","7,680.0","7,710.0","7,150.0","228.60K","-6.90%"
"17/06/2022","7,680.0","8,250.0","8,250.0","7,680.0","448.70K","-6.91%"
"16/06/2022","8,250.0","8,400.0","8,900.0","8,250.0","298.60K","-1.43%"
"15/06/2022","8,370.0","9,090.0","9,100.0","8,370.0","352.40K","-6.90%"
"14/06/2022","8,990.0","8,670.0","9,200.0","8,670.0","191.70K","-1.32%"
"13/06/2022","9,110.0","9,260.0","9,490.0","9,110.0","299.20K","-6.95%"
"10/06/2022","9,790.0","9,920.0","9,920.0","9,500.0","248.50K","-1.31%"
"09/06/2022","9,920.0","10,050.0","10,400.0","9,920.0","266.90K","-0.50%"
"08/06/2022","9,970.0","9,300.0","9,970.0","9,300.0","436.40K","6.97%"
"07/06/2022","9,320.0","9,200.0","9,320.0","8,600.0","323.80K","1.30%"
"06/06/2022","9,200.0","9,420.0","9,700.0","9,140.0","234.50K","-2.34%"
"03/06/2022","9,420.0","9,610.0","9,750.0","9,420.0","297.90K","-2.99%"
"02/06/2022","9,710.0","10,200.0","10,200.0","9,700.0","459.90K","-4.80%"
"01/06/2022","10,200.0","10,250.0","10,450.0","10,100.0","216.50K","-0.49%"
"31/05/2022","10,250.0","10,250.0","10,500.0","10,100.0","296.90K","-0.49%"
"30/05/2022","10,300.0","10,500.0","10,650.0","10,250.0","295.10K","-0.96%"
"27/05/2022","10,400.0","10,250.0","10,550.0","10,250.0","207.50K","1.46%"
"26/05/2022","10,250.0","10,200.0","10,500.0","10,150.0","407.90K","0.49%"
"25/05/2022","10,200.0","9,950.0","10,350.0","9,900.0","330.10K","3.45%"
"24/05/2022","9,860.0","9,900.0","10,150.0","9,800.0","195.50K","-0.10%"
"23/05/2022","9,870.0","10,500.0","10,600.0","9,550.0","366.80K","-3.24%"
"20/05/2022","10,200.0","9,970.0","10,400.0","9,900.0","491.80K","2.41%"
"19/05/2022","9,960.0","9,500.0","10,150.0","9,500.0","251.10K","1.12%"
"18/05/2022","9,850.0","10,100.0","10,300.0","9,700.0","598.50K","2.28%"
"17/05/2022","9,630.0","9,100.0","9,630.0","8,400.0","306.70K","7.00%"
"16/05/2022","9,000.0","9,700.0","9,850.0","9,000.0","302.00K","-2.39%"
"13/05/2022","9,220.0","9,810.0","10,300.0","9,210.0","444.00K","-6.87%"
"12/05/2022","9,900.0","10,500.0","10,600.0","9,800.0","367.10K","-5.71%"
"11/05/2022","10,500.0","10,350.0","10,950.0","10,250.0","225.50K","1.94%"
"10/05/2022","10,300.0","9,800.0","10,400.0","9,700.0","524.20K","5.75%"
"09/05/2022","9,740.0","10,450.0","10,450.0","9,720.0","586.80K","-6.79%"
"06/05/2022","10,450.0","10,800.0","11,200.0","10,450.0","323.40K","-5.43%"
"05/05/2022","11,050.0","11,750.0","11,750.0","10,950.0","255.70K","-2.21%"
"04/05/2022","11,300.0","11,800.0","11,850.0","11,200.0","336.20K","-5.04%"
"29/04/2022","11,900.0","11,600.0","12,000.0","11,350.0","405.10K","2.59%"
"28/04/2022","11,600.0","11,950.0","11,950.0","11,350.0","325.90K","-0.43%"
"27/04/2022","11,650.0","11,200.0","11,650.0","10,900.0","397.80K","6.88%"
"26/04/2022","10,900.0","9,800.0","10,900.0","9,610.0","607.60K","6.86%"
"25/04/2022","10,200.0","10,800.0","11,400.0","10,100.0","555.00K","-5.56%"
"22/04/2022","10,800.0","10,050.0","10,800.0","10,050.0","603.20K","6.93%"
"21/04/2022","10,100.0","10,100.0","11,000.0","10,100.0","1.08M","-6.91%"
"20/04/2022","10,850.0","11,250.0","12,250.0","10,850.0","682.80K","-6.87%"
"19/04/2022","11,650.0","12,600.0","13,000.0","11,600.0","604.20K","-6.43%"
"18/04/2022","12,450.0","13,150.0","13,350.0","12,450.0","580.70K","-6.74%"
"15/04/2022","13,350.0","13,800.0","14,000.0","13,350.0","319.00K","-3.26%"
"14/04/2022","13,800.0","14,200.0","14,400.0","13,600.0","389.50K","-0.36%"
"13/04/2022","13,850.0","12,750.0","13,850.0","12,200.0","918.10K","6.95%"
"12/04/2022","12,950.0","13,800.0","14,200.0","12,950.0","930.10K","-6.83%"
"08/04/2022","13,900.0","14,700.0","14,800.0","13,900.0","663.50K","-5.12%"
"07/04/2022","14,650.0","14,550.0","14,850.0","14,400.0","435.80K","0.69%"
"06/04/2022","14,550.0","14,750.0","15,450.0","14,350.0","895.60K","-3.32%"
"05/04/2022","15,050.0","14,750.0","15,300.0","14,750.0","805.10K","-0.99%"
"04/04/2022","15,200.0","16,100.0","16,150.0","15,200.0","890.90K","-4.40%"
"01/04/2022","15,900.0","14,600.0","15,900.0","14,500.0","1.10M","3.58%"
"31/03/2022","15,350.0","16,100.0","16,500.0","15,300.0","1.83M","-6.40%"
"30/03/2022","16,400.0","16,100.0","17,250.0","16,000.0","3.07M","1.55%"
"29/03/2022","16,150.0","15,100.0","16,150.0","14,900.0","846.20K","6.95%"
"28/03/2022","15,100.0","15,250.0","16,200.0","15,100.0","2.43M","-6.79%"
"25/03/2022","16,200.0","16,500.0","17,300.0","16,000.0","2.44M","-0.92%"
"24/03/2022","16,350.0","16,350.0","16,350.0","15,900.0","2.40M","6.86%"
"23/03/2022","15,300.0","15,300.0","15,300.0","15,300.0","831.10K","6.99%"
"22/03/2022","14,300.0","14,800.0","14,800.0","14,100.0","1.44M","0.70%"
"21/03/2022","14,200.0","13,800.0","14,400.0","13,500.0","1.15M","2.53%"
"18/03/2022","13,850.0","14,350.0","14,350.0","13,700.0","2.32M","2.97%"
"17/03/2022","13,450.0","12,800.0","13,450.0","12,700.0","581.20K","6.75%"
"16/03/2022","12,600.0","12,350.0","12,700.0","12,350.0","349.80K","2.02%"
"15/03/2022","12,350.0","12,250.0","12,650.0","12,150.0","354.20K","1.65%"
"14/03/2022","12,150.0","12,600.0","12,600.0","11,950.0","724.80K","-3.57%"
"11/03/2022","12,600.0","12,650.0","12,900.0","12,500.0","704.20K","-1.56%"
"10/03/2022","12,800.0","13,000.0","13,100.0","12,700.0","453.00K","0.79%"
"09/03/2022","12,700.0","13,000.0","13,200.0","12,400.0","797.90K","-2.31%"
"08/03/2022","13,000.0","13,300.0","13,450.0","13,000.0","949.20K","-3.35%"
"07/03/2022","13,450.0","13,650.0","13,650.0","13,300.0","842.90K","-1.82%"
"04/03/2022","13,700.0","13,500.0","13,850.0","13,300.0","917.40K","1.48%"
"03/03/2022","13,500.0","14,000.0","14,000.0","13,450.0","772.20K","-2.53%"
"02/03/2022","13,850.0","13,450.0","14,200.0","13,300.0","636.80K","2.59%"
"01/03/2022","13,500.0","12,950.0","13,650.0","12,900.0","985.70K","0.00%"
"28/02/2022","13,500.0","13,500.0","13,700.0","13,250.0","403.90K","-0.74%"
"25/02/2022","13,600.0","13,600.0","13,750.0","13,300.0","543.10K","2.64%"
"24/02/2022","13,250.0","13,900.0","14,000.0","13,150.0","2.54M","-6.03%"
"23/02/2022","14,100.0","13,900.0","14,500.0","13,750.0","713.10K","1.44%"
"22/02/2022","13,900.0","14,000.0","14,500.0","13,550.0","1.32M","-4.47%"
"21/02/2022","14,550.0","13,900.0","14,800.0","13,700.0","1.57M","5.05%"
"18/02/2022","13,850.0","13,000.0","13,900.0","12,850.0","969.70K","5.32%"
"17/02/2022","13,150.0","13,300.0","13,450.0","13,000.0","857.40K","0.38%"
"16/02/2022","13,100.0","12,750.0","13,100.0","12,550.0","1.49M","6.94%"
"15/02/2022","12,250.0","11,800.0","12,500.0","11,800.0","450.90K","2.51%"
"14/02/2022","11,950.0","11,750.0","12,400.0","11,750.0","1.04M","-5.16%"
"11/02/2022","12,600.0","12,600.0","13,000.0","12,450.0","774.40K","-3.82%"
"10/02/2022","13,100.0","13,200.0","13,700.0","12,950.0","582.10K","-1.13%"
"09/02/2022","13,250.0","12,000.0","13,450.0","11,750.0","1.36M","5.16%"
"08/02/2022","12,600.0","12,800.0","13,200.0","12,200.0","1.38M","-1.95%"
"07/02/2022","12,850.0","12,450.0","12,850.0","12,000.0","633.10K","6.64%"
"28/01/2022","12,050.0","10,700.0","12,050.0","10,550.0","1.66M","6.64%"
"27/01/2022","11,300.0","11,350.0","12,150.0","11,300.0","1.12M","-6.61%"
"26/01/2022","12,100.0","12,900.0","13,400.0","12,100.0","1.90M","-6.92%"
"25/01/2022","13,000.0","13,000.0","13,100.0","13,000.0","3.07M","-6.81%"
"24/01/2022","13,950.0","15,200.0","15,200.0","13,950.0","1.33M","-7.00%"
"21/01/2022","15,000.0","14,550.0","15,000.0","14,400.0","1.44M","6.76%"
"20/01/2022","14,050.0","14,050.0","15,800.0","14,050.0","7.86M","-6.95%"
"19/01/2022","15,100.0","15,100.0","15,100.0","15,100.0","40.00K","-6.79%"
"18/01/2022","16,200.0","16,200.0","16,200.0","16,200.0","37.00K","-6.90%"
"17/01/2022","17,400.0","17,400.0","17,400.0","17,400.0","196.00K","-6.95%"
"14/01/2022","18,700.0","18,700.0","18,700.0","18,700.0","358.80K","-6.97%"
"13/01/2022","20,100.0","20,100.0","20,100.0","20,100.0","201.60K","-6.94%"
"12/01/2022","21,600.0","21,600.0","22,700.0","21,600.0","2.44M","-6.90%"
"11/01/2022","23,200.0","21,450.0","23,250.0","20,500.0","5.05M","6.67%"
"10/01/2022","21,750.0","21,750.0","21,750.0","21,000.0","3.07M","6.88%"
"07/01/2022","20,350.0","20,350.0","20,350.0","19,100.0","5.78M","6.82%"
"06/01/2022","19,050.0","19,050.0","19,050.0","19,050.0","555.40K","6.72%"
"05/01/2022","17,850.0","17,850.0","17,850.0","17,850.0","267.80K","6.89%"
"04/01/2022","16,700.0","16,700.0","16,700.0","16,700.0","1.04M","6.71%"
"31/12/2021","15,650.0","16,600.0","16,600.0","15,550.0","1.95M","-4.57%"
"30/12/2021","16,400.0","16,900.0","17,150.0","16,250.0","1.48M","-4.09%"
"29/12/2021","17,100.0","17,950.0","17,950.0","17,000.0","1.63M","-3.12%"
"28/12/2021","17,650.0","17,450.0","18,250.0","17,150.0","1.89M","0.86%"
"27/12/2021","17,500.0","17,050.0","17,500.0","16,500.0","1.89M","2.64%"
"24/12/2021","17,050.0","18,250.0","18,300.0","17,050.0","2.83M","-6.83%"
"23/12/2021","18,300.0","17,550.0","18,650.0","16,250.0","4.48M","4.87%"
"22/12/2021","17,450.0","17,000.0","17,450.0","16,900.0","1.42M","6.73%"
"21/12/2021","16,350.0","15,100.0","16,350.0","15,000.0","1.60M","6.86%"
"20/12/2021","15,300.0","15,250.0","15,800.0","14,500.0","1.88M","0.00%"
"17/12/2021","15,300.0","16,350.0","16,350.0","15,300.0","4.01M","0.00%"
"16/12/2021","15,300.0","14,400.0","15,300.0","13,850.0","1.61M","6.99%"
"15/12/2021","14,300.0","14,250.0","14,600.0","13,700.0","2.36M","0.35%"
"14/12/2021","14,250.0","14,250.0","14,250.0","14,050.0","2.92M","6.74%"
"13/12/2021","13,350.0","12,500.0","13,350.0","12,500.0","1.01M","6.80%"
"10/12/2021","12,500.0","13,000.0","13,050.0","12,400.0","1.45M","-3.10%"
"09/12/2021","12,900.0","12,850.0","13,500.0","12,500.0","1.90M","0.39%"
"08/12/2021","12,850.0","12,300.0","12,850.0","11,900.0","2.64M","6.64%"
"07/12/2021","12,050.0","11,800.0","12,050.0","11,450.0","1.49M","6.64%"
"06/12/2021","11,300.0","11,750.0","11,750.0","11,000.0","3.18M","2.73%"
"03/12/2021","11,000.0","11,550.0","11,900.0","10,800.0","2.07M","-5.17%"
"02/12/2021","11,600.0","12,400.0","12,400.0","11,600.0","1.35M","-2.93%"
"01/12/2021","11,950.0","11,200.0","11,950.0","11,200.0","1.21M","6.70%"
"30/11/2021","11,200.0","11,400.0","11,500.0","11,000.0","1.60M","0.45%"
"29/11/2021","11,150.0","10,800.0","11,500.0","10,500.0","1.34M","-0.45%"
"26/11/2021","11,200.0","11,700.0","11,700.0","11,000.0","1.90M","0.00%"
"25/11/2021","11,200.0","10,500.0","11,200.0","10,000.0","1.39M","6.67%"
"24/11/2021","10,500.0","11,300.0","11,750.0","10,500.0","2.57M","-6.25%"
"23/11/2021","11,200.0","11,200.0","12,000.0","11,200.0","2.25M","-6.67%"
"22/11/2021","12,000.0","12,800.0","12,800.0","12,000.0","1.43M","-6.98%"
"19/11/2021","12,900.0","13,350.0","13,350.0","11,650.0","5.61M","3.20%"
"18/11/2021","12,500.0","12,500.0","12,500.0","12,000.0","1.20M","6.84%"
"17/11/2021","11,700.0","11,700.0","11,700.0","11,600.0","1.85M","6.85%"
"16/11/2021","10,950.0","9,900.0","10,950.0","9,700.0","4.54M","6.83%"
"15/11/2021","10,250.0","10,250.0","10,250.0","10,250.0","2.83M","6.99%"
"12/11/2021","9,580.0","9,580.0","9,580.0","9,580.0","771.50K","6.92%"
"11/11/2021","8,960.0","8,450.0","8,960.0","8,400.0","2.22M","6.92%"
"10/11/2021","8,380.0","8,500.0","8,500.0","8,200.0","937.00K","-0.24%"
"09/11/2021","8,400.0","8,410.0","8,520.0","8,380.0","626.90K","0.24%"
"08/11/2021","8,380.0","8,360.0","8,700.0","8,360.0","1.02M","0.24%"
"05/11/2021","8,360.0","8,600.0","8,600.0","8,000.0","1.86M","-2.79%"
"04/11/2021","8,600.0","8,310.0","8,600.0","8,250.0","785.60K","3.49%"
"03/11/2021","8,310.0","9,100.0","9,100.0","8,310.0","1.51M","-6.94%"
"02/11/2021","8,930.0","8,900.0","8,990.0","8,600.0","1.24M","3.84%"
"01/11/2021","8,600.0","8,550.0","8,800.0","8,200.0","1.31M","0.35%"
"29/10/2021","8,570.0","8,700.0","8,950.0","8,490.0","817.60K","0.47%"
"28/10/2021","8,530.0","8,270.0","8,530.0","8,200.0","899.40K","6.89%"
"27/10/2021","7,980.0","7,850.0","8,300.0","7,850.0","2.48M","-4.66%"
"26/10/2021","8,370.0","8,370.0","8,650.0","8,370.0","2.91M","-6.90%"
"25/10/2021","8,990.0","8,920.0","9,200.0","8,920.0","793.80K","0.78%"
"22/10/2021","8,920.0","9,000.0","9,200.0","8,700.0","873.70K","-0.56%"
"21/10/2021","8,970.0","8,390.0","8,970.0","8,360.0","1.78M","6.91%"
"20/10/2021","8,390.0","7,970.0","8,410.0","7,940.0","1.07M","5.53%"
"19/10/2021","7,950.0","7,700.0","8,200.0","7,610.0","1.05M","3.25%"
"18/10/2021","7,700.0","7,560.0","7,800.0","7,550.0","620.10K","1.45%"
"15/10/2021","7,590.0","7,700.0","7,800.0","7,500.0","601.70K","-1.43%"
"14/10/2021","7,700.0","7,410.0","7,800.0","7,410.0","1.24M","4.05%"
"13/10/2021","7,400.0","7,110.0","7,500.0","7,100.0","757.80K","4.08%"
"12/10/2021","7,110.0","7,200.0","7,200.0","7,000.0","329.00K","-0.84%"
"11/10/2021","7,170.0","7,250.0","7,300.0","7,090.0","212.50K","-0.42%"
"08/10/2021","7,200.0","7,400.0","7,400.0","7,170.0","143.40K","-2.17%"
"07/10/2021","7,360.0","7,200.0","7,400.0","7,100.0","544.80K","4.55%"
"06/10/2021","7,040.0","7,000.0","7,090.0","6,900.0","218.80K","1.44%"
"05/10/2021","6,940.0","6,960.0","7,000.0","6,900.0","239.40K","-0.29%"
"04/10/2021","6,960.0","7,090.0","7,100.0","6,900.0","142.60K","0.14%"
"01/10/2021","6,950.0","6,880.0","7,110.0","6,880.0","314.80K","-1.97%"
"30/09/2021","7,090.0","6,890.0","7,380.0","6,890.0","350.80K","2.75%"
"29/09/2021","6,900.0","7,160.0","7,160.0","6,800.0","154.40K","1.47%"
"28/09/2021","6,800.0","6,700.0","6,900.0","6,700.0","401.60K","-1.02%"
"27/09/2021","6,870.0","7,080.0","7,080.0","6,800.0","877.40K","-2.97%"
"24/09/2021","7,080.0","7,300.0","7,300.0","7,000.0","415.10K","-3.01%"
"23/09/2021","7,300.0","8,100.0","8,100.0","7,300.0","1.13M","-3.82%"
"22/09/2021","7,590.0","7,150.0","7,590.0","7,150.0","1.30M","6.90%"
"21/09/2021","7,100.0","7,000.0","7,200.0","6,990.0","387.30K","-1.39%"
"20/09/2021","7,200.0","6,910.0","7,380.0","6,910.0","873.30K","4.35%"
"17/09/2021","6,900.0","6,950.0","7,200.0","6,790.0","692.30K","-0.72%"
"16/09/2021","6,950.0","6,800.0","6,950.0","6,700.0","266.60K","0.72%"
"15/09/2021","6,900.0","7,380.0","7,380.0","6,560.0","694.00K","-2.13%"
"14/09/2021","7,050.0","6,700.0","7,050.0","6,600.0","1.38M","6.98%"
"13/09/2021","6,590.0","6,410.0","6,690.0","6,400.0","345.40K","2.97%"
"10/09/2021","6,400.0","6,360.0","6,500.0","6,360.0","328.20K","-0.16%"
"09/09/2021","6,410.0","6,400.0","6,490.0","6,380.0","208.20K","-0.62%"
"08/09/2021","6,450.0","6,370.0","6,600.0","6,370.0","250.70K","-0.31%"
"07/09/2021","6,470.0","6,880.0","6,880.0","6,470.0","379.20K","-5.41%"
"06/09/2021","6,840.0","6,580.0","6,900.0","6,580.0","514.70K","3.95%"
"01/09/2021","6,580.0","6,440.0","6,580.0","6,390.0","301.30K","2.17%"
"31/08/2021","6,440.0","6,380.0","6,500.0","6,290.0","366.40K","0.94%"
"30/08/2021","6,380.0","6,400.0","6,500.0","6,290.0","211.80K","2.08%"
"27/08/2021","6,250.0","6,200.0","6,390.0","6,190.0","244.10K","-0.79%"
"26/08/2021","6,300.0","6,400.0","6,470.0","6,260.0","145.10K","-0.94%"
"25/08/2021","6,360.0","6,210.0","6,370.0","6,200.0","152.10K","3.25%"
"24/08/2021","6,160.0","6,520.0","6,530.0","6,100.0","245.70K","-5.67%"
"23/08/2021","6,530.0","6,600.0","6,680.0","6,500.0","278.60K","-3.83%"
"20/08/2021","6,790.0","7,050.0","7,050.0","6,510.0","267.30K","-3.00%"
"19/08/2021","7,000.0","6,620.0","7,020.0","6,580.0","577.80K","4.01%"
"18/08/2021","6,730.0","6,800.0","6,840.0","6,640.0","432.30K","-1.75%"
"17/08/2021","6,850.0","7,080.0","7,080.0","6,820.0","168.20K","-2.00%"
"16/08/2021","6,990.0","6,950.0","7,000.0","6,800.0","265.00K","0.87%"
"13/08/2021","6,930.0","7,000.0","7,080.0","6,800.0","128.60K","-1.00%"
"12/08/2021","7,000.0","6,850.0","7,200.0","6,720.0","276.60K","2.19%"
"11/08/2021","6,850.0","6,910.0","6,950.0","6,800.0","166.30K","-1.44%"
"10/08/2021","6,950.0","7,040.0","7,180.0","6,900.0","255.90K","-1.28%"
"09/08/2021","7,040.0","6,700.0","7,100.0","6,600.0","334.30K","3.68%"
"06/08/2021","6,790.0","6,750.0","6,890.0","6,700.0","319.10K","0.30%"
"05/08/2021","6,770.0","6,400.0","6,770.0","6,400.0","337.50K","4.48%"
"04/08/2021","6,480.0","6,340.0","6,490.0","6,300.0","276.20K","2.21%"
"03/08/2021","6,340.0","6,350.0","6,350.0","6,210.0","107.00K","0.63%"
"02/08/2021","6,300.0","6,390.0","6,400.0","6,300.0","154.50K","-0.94%"
"30/07/2021","6,360.0","6,100.0","6,410.0","6,100.0","295.00K","4.26%"
"29/07/2021","6,100.0","6,010.0","6,140.0","6,010.0","110.60K","0.00%"
"28/07/2021","6,100.0","6,100.0","6,110.0","6,000.0","64.10K","0.00%"
"27/07/2021","6,100.0","6,050.0","6,110.0","6,030.0","129.20K","0.66%"
"26/07/2021","6,060.0","5,910.0","6,100.0","5,910.0","177.60K","-1.46%"
"23/07/2021","6,150.0","6,200.0","6,350.0","6,050.0","201.00K","-0.81%"
"22/07/2021","6,200.0","6,100.0","6,280.0","6,000.0","219.50K","2.14%"
"21/07/2021","6,070.0","6,000.0","6,100.0","5,940.0","119.00K","1.17%"
"20/07/2021","6,000.0","6,190.0","6,190.0","5,800.0","181.80K","2.92%"
"19/07/2021","5,830.0","6,000.0","6,100.0","5,800.0","210.60K","-6.12%"
"16/07/2021","6,210.0","6,350.0","6,400.0","6,200.0","89.00K","-2.20%"
"15/07/2021","6,350.0","6,380.0","6,380.0","6,160.0","108.00K","3.08%"
"14/07/2021","6,160.0","6,450.0","6,450.0","6,000.0","159.80K","-0.65%"
"13/07/2021","6,200.0","6,400.0","6,400.0","6,030.0","117.20K","2.82%"
"12/07/2021","6,030.0","6,470.0","6,470.0","6,030.0","347.20K","-6.94%"
"09/07/2021","6,480.0","6,510.0","6,700.0","6,230.0","347.50K","-3.14%"
"08/07/2021","6,690.0","6,700.0","6,850.0","6,600.0","155.30K","-0.15%"
"07/07/2021","6,700.0","6,990.0","6,990.0","6,600.0","266.50K","-4.15%"
"06/07/2021","6,990.0","7,000.0","7,200.0","6,520.0","264.20K","-0.14%"
"05/07/2021","7,000.0","7,210.0","7,310.0","6,800.0","612.30K","-4.24%"
"02/07/2021","7,310.0","7,410.0","7,410.0","7,310.0","311.50K","-1.48%"
"01/07/2021","7,420.0","7,500.0","7,500.0","7,400.0","369.40K","-0.93%"
"30/06/2021","7,490.0","7,560.0","7,580.0","7,490.0","247.80K","-0.93%"
"29/06/2021","7,560.0","7,560.0","7,600.0","7,540.0","166.20K","0.00%"
"28/06/2021","7,560.0","7,520.0","7,650.0","7,510.0","319.40K","0.53%"
"25/06/2021","7,520.0","7,510.0","7,650.0","7,510.0","220.80K","0.13%"
"24/06/2021","7,510.0","7,610.0","7,610.0","7,500.0","204.40K","-1.18%"
"23/06/2021","7,600.0","7,660.0","7,770.0","7,580.0","267.60K","-0.78%"
"22/06/2021","7,660.0","7,790.0","7,790.0","7,500.0","771.60K","-2.05%"
"21/06/2021","7,820.0","7,900.0","8,000.0","7,800.0","314.10K","-1.26%"
"18/06/2021","7,920.0","8,160.0","8,160.0","7,900.0","544.10K","-0.88%"
"17/06/2021","7,990.0","7,700.0","8,000.0","7,700.0","442.50K","2.83%"
"16/06/2021","7,770.0","7,500.0","7,830.0","7,500.0","371.50K","1.57%"
"15/06/2021","7,650.0","7,500.0","7,700.0","7,500.0","462.20K","-0.65%"
"14/06/2021","7,700.0","7,710.0","7,740.0","7,610.0","220.90K","-0.13%"
"11/06/2021","7,710.0","7,570.0","7,790.0","7,570.0","214.30K","1.85%"
"10/06/2021","7,570.0","7,660.0","7,800.0","7,500.0","268.20K","-1.17%"
"09/06/2021","7,660.0","7,660.0","7,700.0","7,500.0","201.50K","0.00%"
"08/06/2021","7,660.0","7,800.0","8,000.0","7,660.0","255.90K","-1.79%"
"07/06/2021","7,800.0","8,140.0","8,140.0","7,700.0","250.40K","-4.18%"
"04/06/2021","8,140.0","8,460.0","8,460.0","7,900.0","674.50K","2.91%"
"03/06/2021","7,910.0","7,900.0","7,910.0","7,800.0","695.10K","6.89%"
"02/06/2021","7,400.0","7,300.0","7,400.0","7,200.0","348.20K","2.49%"
"01/06/2021","7,220.0","7,210.0","7,300.0","7,150.0","636.10K","-1.63%"
"31/05/2021","7,340.0","7,500.0","7,500.0","7,100.0","559.60K","-1.61%"
"28/05/2021","7,460.0","7,420.0","7,600.0","7,320.0","370.30K","0.13%"
"27/05/2021","7,450.0","7,510.0","7,650.0","7,390.0","328.00K","-0.80%"
"26/05/2021","7,510.0","7,680.0","7,690.0","7,480.0","430.20K","-2.21%"
"25/05/2021","7,680.0","7,980.0","7,980.0","7,680.0","359.40K","-2.66%"
"24/05/2021","7,890.0","7,780.0","8,000.0","7,700.0","335.00K","3.82%"
"21/05/2021","7,600.0","7,500.0","7,800.0","7,350.0","534.10K","1.33%"
"20/05/2021","7,500.0","7,600.0","7,750.0","7,470.0","507.30K","-1.32%"
"19/05/2021","7,600.0","7,650.0","7,790.0","7,550.0","470.40K","-1.30%"
"18/05/2021","7,700.0","7,850.0","7,870.0","7,700.0","494.90K","-1.91%"
"17/05/2021","7,850.0","7,990.0","8,100.0","7,800.0","377.30K","-1.75%"
"14/05/2021","7,990.0","8,120.0","8,200.0","7,990.0","423.70K","-1.84%"
"13/05/2021","8,140.0","8,090.0","8,250.0","8,040.0","474.50K","1.37%"
"12/05/2021","8,030.0","7,970.0","8,200.0","7,950.0","265.70K","0.63%"
"11/05/2021","7,980.0","7,900.0","8,160.0","7,890.0","756.40K","1.01%"
"10/05/2021","7,900.0","7,700.0","8,000.0","7,690.0","581.50K","-0.88%"
"07/05/2021","7,970.0","8,200.0","8,280.0","7,700.0","894.80K","-2.57%"
"06/05/2021","8,180.0","7,860.0","8,300.0","7,860.0","1.32M","4.07%"
"05/05/2021","7,860.0","7,650.0","8,000.0","7,650.0","524.20K","3.29%"
"04/05/2021","7,610.0","7,500.0","7,890.0","7,500.0","769.90K","-4.88%"
"29/04/2021","8,000.0","8,020.0","8,180.0","7,930.0","292.20K","-0.62%"
"28/04/2021","8,050.0","7,940.0","8,210.0","7,850.0","358.40K","1.64%"
"27/04/2021","7,920.0","7,720.0","7,940.0","7,710.0","295.50K","0.51%"
"26/04/2021","7,880.0","8,250.0","8,260.0","7,870.0","509.00K","-4.37%"
"23/04/2021","8,240.0","7,800.0","8,300.0","7,800.0","711.60K","3.26%"
"22/04/2021","7,980.0","8,450.0","8,450.0","7,980.0","1.20M","-6.12%"
"20/04/2021","8,500.0","8,840.0","8,840.0","8,330.0","746.50K","-3.85%"
"19/04/2021","8,840.0","8,700.0","8,900.0","8,200.0","1.29M","1.61%"
"16/04/2021","8,700.0","9,040.0","9,200.0","8,650.0","2.41M","-6.45%"
"15/04/2021","9,300.0","9,800.0","10,000.0","9,300.0","1.52M","-5.01%"
"14/04/2021","9,790.0","9,600.0","9,850.0","9,400.0","2.33M","-1.90%"
"13/04/2021","9,980.0","10,800.0","10,800.0","9,800.0","1.61M","-4.04%"
"12/04/2021","10,400.0","10,400.0","10,400.0","10,000.0","2.92M","7.00%"
"09/04/2021","9,720.0","9,090.0","9,720.0","9,090.0","2.93M","6.93%"
"08/04/2021","9,090.0","9,000.0","9,100.0","8,960.0","510.40K","1.56%"
"07/04/2021","8,950.0","8,760.0","9,110.0","8,760.0","636.50K","0.56%"
"06/04/2021","8,900.0","9,000.0","9,000.0","8,790.0","273.10K","-1.11%"
"05/04/2021","9,000.0","9,100.0","9,100.0","8,880.0","451.20K","-0.55%"
"02/04/2021","9,050.0","8,980.0","9,110.0","8,960.0","407.20K","0.78%"
"01/04/2021","8,980.0","8,980.0","9,100.0","8,970.0","299.50K","0.00%"
"31/03/2021","8,980.0","8,710.0","9,010.0","8,710.0","380.50K","-0.11%"
"30/03/2021","8,990.0","9,050.0","9,100.0","8,950.0","364.50K","-0.66%"
"29/03/2021","9,050.0","8,800.0","9,100.0","8,660.0","437.90K","4.62%"
"26/03/2021","8,650.0","8,670.0","8,880.0","8,260.0","897.60K","-2.59%"
"25/03/2021","8,880.0","8,900.0","9,000.0","8,800.0","377.30K","-0.22%"
"24/03/2021","8,900.0","9,050.0","9,200.0","8,900.0","369.10K","-3.78%"
"23/03/2021","9,250.0","9,490.0","9,490.0","9,200.0","391.30K","-1.60%"
"22/03/2021","9,400.0","9,200.0","9,430.0","9,130.0","410.90K","2.17%"
"19/03/2021","9,200.0","9,360.0","9,360.0","9,150.0","342.50K","-1.71%"
"18/03/2021","9,360.0","9,350.0","9,400.0","9,260.0","265.00K","0.11%"
"17/03/2021","9,350.0","9,360.0","9,540.0","9,300.0","415.20K","-1.58%"
"16/03/2021","9,500.0","9,400.0","9,800.0","9,350.0","969.20K","1.39%"
"15/03/2021","9,370.0","9,150.0","9,500.0","9,070.0","678.70K","2.40%"
"12/03/2021","9,150.0","8,980.0","9,300.0","8,810.0","804.40K","1.89%"
"11/03/2021","8,980.0","9,280.0","9,280.0","8,900.0","931.20K","-2.39%"
"10/03/2021","9,200.0","9,200.0","9,300.0","9,130.0","722.20K","0.00%"
"09/03/2021","9,200.0","9,200.0","9,300.0","8,820.0","742.60K","-1.50%"
"08/03/2021","9,340.0","9,800.0","9,820.0","9,300.0","1.03M","-1.89%"
"05/03/2021","9,520.0","9,400.0","9,670.0","9,320.0","1.44M","2.48%"
"04/03/2021","9,290.0","9,950.0","9,950.0","9,200.0","2.54M","-0.85%"
"03/03/2021","9,370.0","8,860.0","9,370.0","8,800.0","1.81M","6.96%"
"02/03/2021","8,760.0","8,990.0","8,990.0","8,750.0","380.80K","-1.24%"
"01/03/2021","8,870.0","9,000.0","9,000.0","8,620.0","585.50K","2.54%"
"26/02/2021","8,650.0","8,220.0","8,780.0","8,200.0","478.40K","4.09%"
"25/02/2021","8,310.0","8,800.0","8,850.0","8,310.0","501.70K","-6.10%"
"24/02/2021","8,850.0","8,850.0","9,300.0","8,500.0","708.90K","-1.67%"
"23/02/2021","9,000.0","9,390.0","9,390.0","8,880.0","1.81M","2.51%"
"22/02/2021","8,780.0","8,780.0","8,780.0","8,580.0","558.60K","6.94%"
"19/02/2021","8,210.0","7,680.0","8,210.0","7,650.0","548.70K","6.90%"
"18/02/2021","7,680.0","7,480.0","7,750.0","7,420.0","507.60K","2.67%"
"17/02/2021","7,480.0","7,300.0","7,500.0","7,300.0","266.00K","2.47%"
"09/02/2021","7,300.0","7,390.0","7,390.0","7,000.0","175.80K","2.67%"
"08/02/2021","7,110.0","7,630.0","7,640.0","7,090.0","288.60K","-6.45%"
"05/02/2021","7,600.0","7,700.0","7,700.0","7,500.0","251.20K","0.00%"
"04/02/2021","7,600.0","7,500.0","7,790.0","7,480.0","280.50K","1.33%"
"03/02/2021","7,500.0","7,190.0","7,650.0","7,190.0","250.00K","4.31%"
"02/02/2021","7,190.0","6,800.0","7,300.0","6,800.0","364.50K","0.28%"
"01/02/2021","7,170.0","7,300.0","7,690.0","7,170.0","420.30K","-6.88%"
"29/01/2021","7,700.0","6,880.0","7,900.0","6,880.0","1.00M","4.19%"
"28/01/2021","7,390.0","7,800.0","8,100.0","7,390.0","875.10K","-6.93%"
"27/01/2021","7,940.0","8,100.0","8,100.0","7,600.0","797.70K","-1.85%"
"26/01/2021","8,090.0","8,400.0","8,420.0","7,850.0","572.20K","-3.92%"
"25/01/2021","8,420.0","8,600.0","8,860.0","8,420.0","676.40K","-3.22%"
"22/01/2021","8,700.0","8,800.0","8,890.0","8,420.0","904.70K","1.64%"
"21/01/2021","8,560.0","8,000.0","8,560.0","7,980.0","832.20K","7.00%"
"20/01/2021","8,000.0","8,460.0","8,500.0","7,870.0","763.00K","-5.44%"
"19/01/2021","8,460.0","9,090.0","9,200.0","8,460.0","700.30K","-6.93%"
"18/01/2021","9,090.0","9,050.0","9,250.0","9,000.0","971.10K","0.44%"
"15/01/2021","9,050.0","8,800.0","9,180.0","8,800.0","1.23M","1.12%"
"14/01/2021","8,950.0","9,120.0","9,120.0","8,920.0","1.08M","-1.86%"
"13/01/2021","9,120.0","9,350.0","9,360.0","9,120.0","704.70K","-2.67%"
"12/01/2021","9,370.0","9,400.0","9,400.0","9,280.0","656.60K","-0.11%"
"11/01/2021","9,380.0","9,400.0","9,540.0","9,300.0","857.50K","0.86%"
"08/01/2021","9,300.0","9,600.0","9,600.0","9,200.0","792.30K","1.64%"
"07/01/2021","9,150.0","8,920.0","9,150.0","8,920.0","811.60K","2.58%"
"06/01/2021","8,920.0","9,190.0","9,220.0","8,820.0","882.40K","-2.94%"
"05/01/2021","9,190.0","9,150.0","9,250.0","9,140.0","611.30K","-0.11%"
"04/01/2021","9,200.0","9,060.0","9,400.0","9,060.0","629.20K","1.55%"
"31/12/2020","9,060.0","9,190.0","9,190.0","8,910.0","841.74K","0.22%"
"30/12/2020","9,040.0","9,200.0","9,260.0","8,980.0","888.07K","0.22%"
"29/12/2020","9,020.0","8,900.0","9,150.0","8,600.0","1.63M","0.33%"
"28/12/2020","8,990.0","9,100.0","9,240.0","8,800.0","1.26M","-1.75%"
"25/12/2020","9,150.0","9,550.0","9,550.0","9,060.0","1.04M","1.10%"
"24/12/2020","9,050.0","9,090.0","9,090.0","7,920.0","3.24M","6.47%"
"23/12/2020","8,500.0","8,500.0","8,500.0","8,500.0","260.19K","6.92%"
"22/12/2020","7,950.0","7,950.0","7,950.0","7,950.0","280.50K","7.00%"
"21/12/2020","7,430.0","7,430.0","7,430.0","7,430.0","381.73K","6.91%"
"18/12/2020","6,950.0","7,040.0","7,100.0","6,900.0","972.83K","-1.28%"
"17/12/2020","7,040.0","7,200.0","7,200.0","6,980.0","1.00M","-2.90%"
"16/12/2020","7,250.0","7,300.0","7,300.0","7,000.0","694.06K","1.12%"
"15/12/2020","7,170.0","7,300.0","7,300.0","7,130.0","1.10M","0.99%"
"14/12/2020","7,100.0","6,800.0","7,160.0","6,780.0","1.39M","5.97%"
"11/12/2020","6,700.0","6,700.0","6,780.0","6,530.0","457.08K","1.52%"
"10/12/2020","6,600.0","6,800.0","6,940.0","6,600.0","907.28K","-5.44%"
"09/12/2020","6,980.0","6,850.0","7,070.0","6,800.0","505.18K","-1.55%"
"08/12/2020","7,090.0","6,700.0","7,130.0","6,700.0","1.32M","6.30%"
"07/12/2020","6,670.0","6,250.0","6,670.0","6,250.0","1.92M","6.89%"
"04/12/2020","6,240.0","6,190.0","6,300.0","6,100.0","490.52K","2.30%"
"03/12/2020","6,100.0","6,050.0","6,170.0","6,050.0","177.16K","0.83%"
"02/12/2020","6,050.0","6,150.0","6,150.0","6,030.0","201.67K","-1.63%"
"01/12/2020","6,150.0","6,000.0","6,150.0","6,000.0","223.83K","0.33%"
"30/11/2020","6,130.0","6,190.0","6,200.0","6,100.0","115.77K","-1.13%"
"27/11/2020","6,200.0","6,100.0","6,200.0","5,950.0","256.74K","3.33%"
"26/11/2020","6,000.0","5,950.0","6,090.0","5,930.0","332.90K","0.84%"
"25/11/2020","5,950.0","6,040.0","6,100.0","5,950.0","355.06K","-2.62%"
"24/11/2020","6,110.0","6,200.0","6,200.0","6,050.0","351.94K","-2.86%"
"23/11/2020","6,290.0","6,460.0","6,460.0","6,210.0","834.25K","4.14%"
"20/11/2020","6,040.0","5,650.0","6,040.0","5,600.0","394.45K","6.90%"
"19/11/2020","5,650.0","5,720.0","5,720.0","5,630.0","255.87K","-1.22%"
"18/11/2020","5,720.0","5,770.0","5,800.0","5,710.0","154.30K","-0.87%"
"17/11/2020","5,770.0","5,820.0","5,820.0","5,760.0","218.13K","0.00%"
"16/11/2020","5,770.0","5,820.0","5,900.0","5,760.0","128.76K","-0.86%"
"13/11/2020","5,820.0","5,840.0","5,840.0","5,770.0","221.51K","0.00%"
"12/11/2020","5,820.0","5,870.0","5,900.0","5,800.0","106.91K","-0.85%"
"11/11/2020","5,870.0","5,870.0","5,950.0","5,800.0","54.44K","0.00%"
"10/11/2020","5,870.0","6,000.0","6,020.0","5,860.0","129.12K","-1.34%"
"09/11/2020","5,950.0","5,950.0","6,020.0","5,920.0","177.50K","0.00%"
"06/11/2020","5,950.0","6,050.0","6,050.0","5,860.0","72.48K","-1.16%"
"05/11/2020","6,020.0","5,850.0","6,100.0","5,850.0","153.40K","2.56%"
"04/11/2020","5,870.0","5,690.0","5,870.0","5,690.0","159.71K","2.80%"
"03/11/2020","5,710.0","5,630.0","5,750.0","5,630.0","116.25K","1.06%"
"02/11/2020","5,650.0","5,650.0","5,690.0","5,620.0","115.57K","0.36%"
"30/10/2020","5,630.0","5,700.0","5,710.0","5,630.0","120.91K","0.00%"
"29/10/2020","5,630.0","5,460.0","5,880.0","5,460.0","196.65K","0.90%"
"28/10/2020","5,580.0","5,800.0","5,800.0","5,570.0","234.43K","-3.79%"
"27/10/2020","5,800.0","5,900.0","5,980.0","5,800.0","212.30K","-2.36%"
"26/10/2020","5,940.0","5,950.0","6,050.0","5,940.0","129.74K","-0.17%"
"23/10/2020","5,950.0","5,990.0","6,000.0","5,940.0","87.26K","0.34%"
"22/10/2020","5,930.0","5,980.0","6,000.0","5,900.0","260.47K","-0.50%"
"21/10/2020","5,960.0","6,050.0","6,080.0","5,960.0","302.10K","-1.16%"
"20/10/2020","6,030.0","6,000.0","6,090.0","6,000.0","145.02K","0.33%"
"19/10/2020","6,010.0","6,180.0","6,180.0","6,000.0","424.35K","-1.15%"
"16/10/2020","6,080.0","6,150.0","6,170.0","6,040.0","266.25K","-1.30%"
"15/10/2020","6,160.0","6,200.0","6,230.0","6,090.0","132.36K","-0.32%"
"14/10/2020","6,180.0","6,000.0","6,440.0","6,000.0","309.94K","2.66%"
"13/10/2020","6,020.0","6,120.0","6,120.0","6,000.0","385.81K","-1.63%"
"12/10/2020","6,120.0","6,210.0","6,210.0","6,120.0","552.73K","-1.45%"
"09/10/2020","6,210.0","6,210.0","6,300.0","6,180.0","337.42K","0.00%"
"08/10/2020","6,210.0","6,320.0","6,340.0","6,210.0","412.26K","-1.74%"
"07/10/2020","6,320.0","6,340.0","6,490.0","6,290.0","285.95K","-1.56%"
"06/10/2020","6,420.0","6,530.0","6,530.0","6,380.0","208.56K","-0.16%"
"05/10/2020","6,430.0","6,500.0","6,500.0","6,380.0","453.61K","0.78%"
"02/10/2020","6,380.0","6,220.0","6,530.0","6,200.0","923.85K","2.57%"
"01/10/2020","6,220.0","6,210.0","6,270.0","6,180.0","372.96K","0.16%"
"30/09/2020","6,210.0","6,200.0","6,240.0","6,170.0","167.17K","0.16%"
"29/09/2020","6,200.0","6,210.0","6,300.0","6,180.0","262.78K","-0.64%"
"28/09/2020","6,240.0","6,160.0","6,240.0","6,110.0","286.79K","1.30%"
"25/09/2020","6,160.0","6,230.0","6,230.0","6,120.0","273.99K","-1.12%"
"24/09/2020","6,230.0","6,290.0","6,300.0","6,220.0","347.52K","-0.95%"
"23/09/2020","6,290.0","6,280.0","6,340.0","6,240.0","465.56K","0.48%"
"22/09/2020","6,260.0","6,300.0","6,380.0","6,240.0","264.34K","-1.57%"
"21/09/2020","6,360.0","6,320.0","6,460.0","6,320.0","150.35K","-1.40%"
"18/09/2020","6,450.0","6,100.0","6,450.0","6,100.0","306.91K","2.38%"
"17/09/2020","6,300.0","6,450.0","6,450.0","6,270.0","260.36K","-1.56%"
"16/09/2020","6,400.0","6,450.0","6,530.0","6,380.0","131.18K","-0.31%"
"15/09/2020","6,420.0","6,380.0","6,490.0","6,380.0","269.14K","0.63%"
"14/09/2020","6,380.0","6,430.0","6,480.0","6,300.0","419.99K","-0.78%"
"11/09/2020","6,430.0","6,380.0","6,440.0","6,380.0","343.15K","0.78%"
"10/09/2020","6,380.0","6,380.0","6,400.0","6,310.0","270.67K","1.11%"
"09/09/2020","6,310.0","6,120.0","6,360.0","6,000.0","220.95K","3.27%"
"08/09/2020","6,110.0","6,130.0","6,180.0","6,060.0","373.36K","-0.16%"
"07/09/2020","6,120.0","6,120.0","6,370.0","6,120.0","483.12K","-2.70%"
"04/09/2020","6,290.0","6,200.0","6,370.0","6,200.0","397.74K","-1.72%"
"03/09/2020","6,400.0","6,400.0","6,500.0","6,390.0","297.99K","-0.62%"
"01/09/2020","6,440.0","6,400.0","6,490.0","6,360.0","192.71K","0.63%"
"31/08/2020","6,400.0","6,500.0","6,640.0","6,400.0","324.71K","-1.39%"
"28/08/2020","6,490.0","6,500.0","6,800.0","6,400.0","808.17K","0.46%"
"27/08/2020","6,460.0","6,470.0","6,480.0","6,340.0","279.76K","1.25%"
"26/08/2020","6,380.0","6,350.0","6,520.0","6,260.0","323.19K","0.16%"
"25/08/2020","6,370.0","6,420.0","6,480.0","6,330.0","507.77K","-2.90%"
"24/08/2020","6,560.0","6,540.0","6,640.0","6,400.0","363.32K","0.31%"
"21/08/2020","6,540.0","6,550.0","6,790.0","6,410.0","376.87K","2.19%"
"20/08/2020","6,400.0","6,010.0","6,400.0","5,830.0","2.19M","6.84%"
"19/08/2020","5,990.0","6,090.0","6,090.0","5,930.0","187.72K","2.39%"
"18/08/2020","5,850.0","5,870.0","5,950.0","5,700.0","295.33K","-1.68%"
"17/08/2020","5,950.0","6,050.0","6,070.0","5,880.0","143.31K","-1.65%"
"14/08/2020","6,050.0","6,050.0","6,130.0","6,030.0","161.34K","-0.82%"
"13/08/2020","6,100.0","6,170.0","6,170.0","6,050.0","149.85K","0.00%"
"12/08/2020","6,100.0","6,130.0","6,130.0","6,020.0","108.77K","0.66%"
"11/08/2020","6,060.0","6,190.0","6,190.0","6,060.0","79.52K","-0.66%"
"10/08/2020","6,100.0","6,090.0","6,150.0","6,040.0","237.19K","0.83%"
"07/08/2020","6,050.0","6,100.0","6,110.0","6,010.0","126.76K","0.50%"
"06/08/2020","6,020.0","5,900.0","6,100.0","5,900.0","93.14K","-0.99%"
"05/08/2020","6,080.0","6,100.0","6,100.0","5,950.0","301.85K","-0.82%"
"04/08/2020","6,130.0","6,040.0","6,210.0","6,000.0","275.01K","3.90%"
"03/08/2020","5,900.0","5,590.0","5,900.0","5,400.0","279.51K","5.55%"
"31/07/2020","5,590.0","5,450.0","5,900.0","5,310.0","174.81K","0.36%"
"30/07/2020","5,570.0","5,510.0","5,690.0","5,500.0","165.47K","-0.18%"
"29/07/2020","5,580.0","5,610.0","5,900.0","5,580.0","252.18K","-7.00%"
"28/07/2020","6,000.0","5,800.0","6,060.0","5,600.0","311.78K","3.27%"
"27/07/2020","5,810.0","5,810.0","6,170.0","5,810.0","331.21K","-6.89%"
"24/07/2020","6,240.0","6,400.0","6,500.0","6,240.0","612.90K","-6.87%"
"23/07/2020","6,700.0","6,800.0","6,840.0","6,640.0","157.33K","-1.47%"
"22/07/2020","6,800.0","6,890.0","6,910.0","6,800.0","112.17K","-1.16%"
"21/07/2020","6,880.0","6,810.0","6,900.0","6,810.0","82.38K","-0.43%"
"20/07/2020","6,910.0","6,850.0","6,950.0","6,790.0","186.89K","0.88%"
"17/07/2020","6,850.0","6,800.0","7,020.0","6,800.0","120.45K","-2.14%"
"16/07/2020","7,000.0","6,920.0","7,010.0","6,900.0","118.94K","0.00%"
"15/07/2020","7,000.0","6,950.0","7,180.0","6,950.0","183.96K","-0.57%"
"14/07/2020","7,040.0","7,050.0","7,100.0","6,860.0","349.07K","-0.14%"
"13/07/2020","7,050.0","7,140.0","7,250.0","6,900.0","169.52K","-1.40%"
"10/07/2020","7,150.0","7,010.0","7,300.0","7,010.0","217.09K","-2.85%"
"09/07/2020","7,360.0","7,450.0","7,450.0","7,250.0","281.06K","1.94%"
"08/07/2020","7,220.0","6,780.0","7,220.0","6,780.0","612.75K","6.96%"
"07/07/2020","6,750.0","7,010.0","7,160.0","6,670.0","1.02M","-5.86%"
"06/07/2020","7,170.0","7,380.0","7,380.0","7,000.0","561.77K","-1.10%"
"03/07/2020","7,250.0","7,530.0","7,530.0","7,200.0","158.38K","-0.68%"
"02/07/2020","7,300.0","7,580.0","7,580.0","7,100.0","215.06K","-1.75%"
"01/07/2020","7,430.0","7,130.0","7,570.0","7,130.0","2.35M","-3.00%"
"30/06/2020","7,660.0","7,500.0","7,750.0","7,390.0","259.27K","2.13%"
"29/06/2020","7,500.0","7,990.0","7,990.0","7,500.0","404.11K","-6.13%"
"26/06/2020","7,990.0","8,210.0","8,390.0","7,800.0","198.42K","-3.15%"
"25/06/2020","8,250.0","7,810.0","8,300.0","7,800.0","316.71K","1.23%"
"24/06/2020","8,150.0","8,110.0","8,550.0","8,110.0","459.89K","-0.61%"
"23/06/2020","8,200.0","8,300.0","8,500.0","8,100.0","456.39K","-1.80%"
"22/06/2020","8,350.0","8,800.0","8,800.0","8,350.0","1.06M","1.46%"
"19/06/2020","8,230.0","7,800.0","8,230.0","7,770.0","523.79K","6.88%"
"18/06/2020","7,700.0","7,380.0","7,750.0","7,380.0","398.85K","1.58%"
"17/06/2020","7,580.0","7,400.0","7,890.0","7,400.0","286.45K","0.00%"
"16/06/2020","7,580.0","7,350.0","7,600.0","7,260.0","416.87K","3.13%"
"15/06/2020","7,350.0","7,750.0","7,900.0","7,350.0","1.22M","-6.96%"
"12/06/2020","7,900.0","7,720.0","8,100.0","7,710.0","1.42M","-4.59%"
"11/06/2020","8,280.0","8,930.0","9,300.0","8,280.0","929.64K","-6.97%"
"10/06/2020","8,900.0","8,400.0","8,980.0","8,270.0","840.83K","5.83%"
"09/06/2020","8,410.0","8,510.0","8,800.0","8,380.0","955.14K","-5.51%"
"08/06/2020","8,900.0","8,790.0","9,140.0","8,540.0","1.08M","4.09%"
"05/06/2020","8,550.0","8,230.0","8,610.0","8,000.0","1.02M","3.89%"
"04/06/2020","8,230.0","7,850.0","8,230.0","7,750.0","1.45M","6.88%"
"03/06/2020","7,700.0","7,560.0","7,780.0","7,560.0","381.04K","1.32%"
"02/06/2020","7,600.0","7,850.0","7,900.0","7,580.0","490.39K","-0.65%"
"01/06/2020","7,650.0","7,500.0","7,730.0","7,500.0","476.42K","1.46%"
"29/05/2020","7,540.0","7,630.0","7,740.0","7,430.0","311.43K","-1.18%"
"28/05/2020","7,630.0","7,500.0","7,800.0","7,380.0","535.14K","3.53%"
"27/05/2020","7,370.0","8,000.0","8,040.0","7,370.0","677.26K","-6.94%"
"26/05/2020","7,920.0","7,810.0","8,060.0","7,810.0","649.71K","1.41%"
"25/05/2020","7,810.0","7,800.0","7,940.0","7,700.0","418.88K","0.39%"
"22/05/2020","7,780.0","8,000.0","8,100.0","7,780.0","593.14K","-2.75%"
"21/05/2020","8,000.0","8,050.0","8,100.0","7,960.0","340.23K","-0.62%"
"20/05/2020","8,050.0","8,150.0","8,150.0","7,900.0","345.64K","2.42%"
"19/05/2020","7,860.0","7,950.0","8,230.0","7,700.0","1.14M","1.42%"
"18/05/2020","7,750.0","7,900.0","7,900.0","7,690.0","1.08M","-2.76%"
"15/05/2020","7,970.0","8,170.0","8,380.0","7,940.0","411.51K","-2.57%"
"14/05/2020","8,180.0","8,090.0","8,380.0","7,900.0","686.98K","2.25%"
"13/05/2020","8,000.0","7,850.0","8,200.0","7,740.0","779.56K","0.63%"
"12/05/2020","7,950.0","7,950.0","7,950.0","7,700.0","697.61K","0.00%"
"11/05/2020","7,950.0","7,630.0","8,100.0","7,600.0","523.02K","3.92%"
"08/05/2020","7,650.0","7,900.0","7,990.0","7,600.0","730.45K","-2.17%"
"07/05/2020","7,820.0","8,350.0","8,350.0","7,820.0","1.41M","0.13%"
"06/05/2020","7,810.0","7,490.0","7,810.0","7,490.0","757.22K","6.99%"
"05/05/2020","7,300.0","7,200.0","7,440.0","7,190.0","402.81K","1.39%"
"04/05/2020","7,200.0","7,590.0","7,590.0","7,200.0","1.18M","1.41%"
"29/04/2020","7,100.0","7,200.0","7,600.0","7,100.0","690.73K","-6.58%"
"28/04/2020","7,600.0","8,200.0","8,240.0","7,200.0","1.10M","-1.43%"
"27/04/2020","7,710.0","7,600.0","7,710.0","7,500.0","467.19K","6.93%"
"24/04/2020","7,210.0","6,990.0","7,210.0","6,600.0","1.13M","6.97%"
"23/04/2020","6,740.0","6,740.0","6,740.0","6,400.0","1.36M","6.98%"
"22/04/2020","6,300.0","5,890.0","6,300.0","5,880.0","508.60K","6.96%"
"21/04/2020","5,890.0","5,950.0","6,200.0","5,700.0","543.80K","-3.13%"
"20/04/2020","6,080.0","6,200.0","6,250.0","5,850.0","312.51K","-1.94%"
"17/04/2020","6,200.0","6,250.0","6,320.0","6,180.0","509.11K","-2.36%"
"16/04/2020","6,350.0","6,070.0","6,480.0","6,070.0","645.59K","4.61%"
"15/04/2020","6,070.0","5,680.0","6,070.0","5,680.0","672.60K","6.87%"
"14/04/2020","5,680.0","5,690.0","5,690.0","5,450.0","541.23K","0.00%"
"13/04/2020","5,680.0","6,030.0","6,030.0","5,650.0","558.38K","-5.49%"
"10/04/2020","6,010.0","6,100.0","6,290.0","6,010.0","1.13M","-6.97%"
"09/04/2020","6,460.0","6,500.0","6,500.0","6,150.0","493.08K","4.53%"
"08/04/2020","6,180.0","5,840.0","6,190.0","5,400.0","701.19K","6.74%"
"07/04/2020","5,790.0","5,450.0","5,800.0","5,400.0","1.94M","-0.17%"
"06/04/2020","5,800.0","6,520.0","6,520.0","5,710.0","1.93M","-4.92%"
"03/04/2020","6,100.0","6,100.0","6,100.0","6,100.0","255.30K","6.83%"
"01/04/2020","5,710.0","4,970.0","5,710.0","4,970.0","2.82M","6.93%"
"31/03/2020","5,340.0","5,340.0","5,340.0","5,340.0","183.76K","-6.97%"
"30/03/2020","5,740.0","5,740.0","5,740.0","5,740.0","20.10K","-6.97%"
"27/03/2020","6,170.0","6,170.0","6,170.0","6,170.0","10.75K","-6.94%"
"26/03/2020","6,630.0","6,630.0","6,630.0","6,630.0","18.54K","-6.88%"
"25/03/2020","7,120.0","7,120.0","7,120.0","7,120.0","32.08K","-6.93%"
"24/03/2020","7,650.0","7,650.0","7,650.0","7,650.0","11.18K","-6.93%"
"23/03/2020","8,220.0","8,220.0","8,220.0","8,220.0","17.00K","-6.91%"
"20/03/2020","8,830.0","8,830.0","8,830.0","8,830.0","11.37K","-6.95%"
"19/03/2020","9,490.0","10,900.0","10,900.0","9,490.0","2.14M","-6.96%"
"18/03/2020","10,200.0","10,200.0","10,200.0","10,200.0","1.14M","6.92%"
"17/03/2020","9,540.0","9,540.0","9,540.0","9,540.0","320.04K","6.95%"
"16/03/2020","8,920.0","8,920.0","8,920.0","8,920.0","873.57K","6.95%"
"13/03/2020","8,340.0","8,340.0","8,340.0","8,340.0","255.33K","6.92%"
"12/03/2020","7,800.0","7,790.0","7,800.0","7,500.0","1.23M","7.00%"
"11/03/2020","7,290.0","7,290.0","7,290.0","7,200.0","2.08M","6.89%"
"10/03/2020","6,820.0","6,800.0","6,820.0","6,790.0","1.31M","6.90%"
"09/03/2020","6,380.0","5,970.0","6,380.0","5,900.0","2.09M","6.87%"
"06/03/2020","5,970.0","5,970.0","5,970.0","5,650.0","4.05M","6.99%"
"05/03/2020","5,580.0","5,580.0","5,580.0","5,580.0","308.10K","6.90%"
"04/03/2020","5,220.0","5,220.0","5,220.0","5,220.0","62.08K","6.97%"
"03/03/2020","4,880.0","4,880.0","4,880.0","4,880.0","60.96K","6.78%"
"02/03/2020","4,570.0","4,570.0","4,570.0","4,570.0","169.36K","6.78%"
"28/02/2020","4,280.0","4,280.0","4,280.0","4,240.0","293.59K","7.00%"
"27/02/2020","4,000.0","3,840.0","4,000.0","3,700.0","329.24K","6.95%"
"26/02/2020","3,740.0","3,610.0","3,810.0","3,610.0","36.56K","1.08%"
"25/02/2020","3,700.0","3,670.0","3,740.0","3,570.0","140.29K","3.64%"
"24/02/2020","3,570.0","3,730.0","3,730.0","3,560.0","106.84K","-4.55%"
"21/02/2020","3,740.0","3,840.0","3,840.0","3,600.0","55.25K","-0.27%"
"20/02/2020","3,750.0","3,790.0","3,790.0","3,710.0","23.33K","0.00%"
"19/02/2020","3,750.0","3,680.0","3,750.0","3,650.0","65.01K","3.31%"
"18/02/2020","3,630.0","3,640.0","3,680.0","3,600.0","68.13K","0.83%"
"17/02/2020","3,600.0","3,540.0","3,700.0","3,540.0","66.89K","-1.10%"
"14/02/2020","3,640.0","3,640.0","3,700.0","3,590.0","30.16K","1.11%"
"13/02/2020","3,600.0","3,630.0","3,650.0","3,570.0","35.45K","-0.83%"
"12/02/2020","3,630.0","3,580.0","3,650.0","3,550.0","25.66K","0.83%"
"11/02/2020","3,600.0","3,740.0","3,740.0","3,520.0","10.35K","2.27%"
"10/02/2020","3,520.0","3,510.0","3,600.0","3,510.0","14.41K","-0.85%"
"07/02/2020","3,550.0","3,670.0","3,670.0","3,550.0","145.04K","-3.01%"
"06/02/2020","3,660.0","3,570.0","3,690.0","3,550.0","129.03K","2.52%"
"05/02/2020","3,570.0","3,730.0","3,730.0","3,500.0","24.58K","2.00%"
"04/02/2020","3,500.0","3,580.0","3,580.0","3,450.0","31.63K","-2.23%"
"03/02/2020","3,580.0","3,700.0","3,700.0","3,450.0","111.64K","-3.24%"
"31/01/2020","3,700.0","3,780.0","3,780.0","3,690.0","157.38K","-2.12%"
"30/01/2020","3,780.0","3,800.0","3,800.0","3,690.0","52.55K","-0.53%"
"22/01/2020","3,800.0","3,750.0","3,800.0","3,750.0","37.21K","2.15%"
"21/01/2020","3,720.0","3,700.0","3,740.0","3,680.0","47.92K","0.54%"
"20/01/2020","3,700.0","3,740.0","3,740.0","3,650.0","6.77K","0.00%"
"17/01/2020","3,700.0","3,850.0","3,850.0","3,700.0","53.40K","-1.33%"
"16/01/2020","3,750.0","3,880.0","3,990.0","3,750.0","72.87K","-3.60%"
"15/01/2020","3,890.0","3,720.0","3,950.0","3,650.0","40.86K","5.14%"
"14/01/2020","3,700.0","3,650.0","3,710.0","3,550.0","51.89K","1.37%"
"13/01/2020","3,650.0","3,710.0","3,710.0","3,630.0","86.19K","-1.08%"
"10/01/2020","3,690.0","3,690.0","3,700.0","3,610.0","74.33K","0.27%"
"09/01/2020","3,680.0","3,770.0","3,770.0","3,530.0","35.73K","1.94%"
"08/01/2020","3,610.0","3,740.0","3,740.0","3,600.0","99.99K","-2.17%"
"07/01/2020","3,690.0","3,850.0","3,850.0","3,590.0","282.93K","-4.16%"
"06/01/2020","3,850.0","3,930.0","3,930.0","3,850.0","92.13K","-2.04%"
"03/01/2020","3,930.0","3,990.0","3,990.0","3,920.0","162.27K","-1.50%"
"02/01/2020","3,990.0","3,980.0","4,000.0","3,940.0","67.95K","0.25%"
"31/12/2019","3,980.0","4,080.0","4,080.0","3,950.0","71.89K","-1.00%"
"30/12/2019","4,020.0","4,060.0","4,080.0","4,000.0","80.12K","-1.95%"
"27/12/2019","4,100.0","4,080.0","4,100.0","4,060.0","38.42K","0.49%"
"26/12/2019","4,080.0","4,120.0","4,150.0","4,080.0","112.98K","-0.97%"
"25/12/2019","4,120.0","4,070.0","4,120.0","4,060.0","69.03K","1.48%"
"24/12/2019","4,060.0","4,150.0","4,170.0","4,060.0","73.72K","-1.93%"
"23/12/2019","4,140.0","4,100.0","4,150.0","4,100.0","58.19K","0.98%"
"20/12/2019","4,100.0","4,190.0","4,190.0","4,030.0","187.79K","-0.24%"
"19/12/2019","4,110.0","4,100.0","4,150.0","4,100.0","57.97K","-0.24%"
"18/12/2019","4,120.0","4,240.0","4,280.0","4,120.0","105.91K","-3.74%"
"17/12/2019","4,280.0","4,200.0","4,400.0","4,200.0","101.75K","2.39%"
"16/12/2019","4,180.0","4,170.0","4,180.0","4,130.0","84.15K","0.24%"
"13/12/2019","4,170.0","4,160.0","4,180.0","4,130.0","184.72K","-0.24%"
"12/12/2019","4,180.0","4,150.0","4,220.0","4,150.0","107.97K","0.24%"
"11/12/2019","4,170.0","4,270.0","4,270.0","4,130.0","88.46K","-1.42%"
"10/12/2019","4,230.0","4,290.0","4,290.0","4,200.0","244.79K","0.24%"
"09/12/2019","4,220.0","4,190.0","4,290.0","4,180.0","231.47K","0.96%"
"06/12/2019","4,180.0","4,140.0","4,280.0","4,130.0","80.17K","0.24%"
"05/12/2019","4,170.0","4,390.0","4,390.0","4,150.0","85.01K","0.00%"
"04/12/2019","4,170.0","4,110.0","4,200.0","4,110.0","148.69K","-1.88%"
"03/12/2019","4,250.0","4,300.0","4,300.0","4,190.0","202.61K","-1.16%"
"02/12/2019","4,300.0","4,390.0","4,390.0","4,250.0","79.84K","-1.15%"
"29/11/2019","4,350.0","4,300.0","4,380.0","4,300.0","107.27K","-0.91%"
"28/11/2019","4,390.0","4,430.0","4,430.0","4,300.0","92.45K","0.00%"
"27/11/2019","4,390.0","4,400.0","4,400.0","4,370.0","111.62K","0.46%"
"26/11/2019","4,370.0","4,160.0","4,470.0","4,160.0","134.30K","0.00%"
"25/11/2019","4,370.0","4,380.0","4,410.0","4,370.0","82.95K","-0.23%"
"22/11/2019","4,380.0","4,400.0","4,490.0","4,380.0","99.86K","-0.45%"
"21/11/2019","4,400.0","4,450.0","4,450.0","4,400.0","62.99K","-1.57%"
"20/11/2019","4,470.0","4,480.0","4,500.0","4,380.0","50.14K","-0.22%"
"19/11/2019","4,480.0","4,400.0","4,480.0","4,390.0","54.34K","1.82%"
"18/11/2019","4,400.0","4,440.0","4,450.0","4,400.0","77.49K","-1.35%"
"15/11/2019","4,460.0","4,520.0","4,520.0","4,460.0","33.05K","-0.45%"
"14/11/2019","4,480.0","4,520.0","4,530.0","4,430.0","47.24K","-1.10%"
"13/11/2019","4,530.0","4,500.0","4,530.0","4,450.0","144.78K","0.67%"
"12/11/2019","4,500.0","4,560.0","4,560.0","4,480.0","100.90K","-0.22%"
"11/11/2019","4,510.0","4,590.0","4,590.0","4,470.0","90.89K","-0.66%"
"08/11/2019","4,540.0","4,500.0","4,560.0","4,500.0","97.84K","-0.22%"
"07/11/2019","4,550.0","4,600.0","4,600.0","4,500.0","125.05K","0.00%"
"06/11/2019","4,550.0","4,550.0","4,610.0","4,500.0","97.38K","-0.22%"
"05/11/2019","4,560.0","4,580.0","4,590.0","4,500.0","156.94K","-0.44%"
"04/11/2019","4,580.0","4,590.0","4,660.0","4,570.0","82.10K","-1.51%"
"01/11/2019","4,650.0","4,670.0","4,670.0","4,570.0","51.24K","-0.43%"
"31/10/2019","4,670.0","4,880.0","4,880.0","4,600.0","316.58K","2.19%"
"30/10/2019","4,570.0","4,520.0","4,620.0","4,520.0","62.21K","-0.44%"
"29/10/2019","4,590.0","4,640.0","4,640.0","4,540.0","137.80K","0.00%"
"28/10/2019","4,590.0","4,650.0","4,690.0","4,570.0","80.61K","-0.22%"
"25/10/2019","4,600.0","4,560.0","4,610.0","4,550.0","125.85K","0.66%"
"24/10/2019","4,570.0","4,600.0","4,630.0","4,570.0","205.07K","-0.65%"
"23/10/2019","4,600.0","4,660.0","4,660.0","4,540.0","43.27K","-1.29%"
"22/10/2019","4,660.0","4,610.0","4,700.0","4,600.0","201.68K","-1.27%"
"21/10/2019","4,720.0","4,700.0","4,750.0","4,620.0","206.71K","0.43%"
"18/10/2019","4,700.0","4,800.0","4,810.0","4,630.0","252.87K","-1.47%"
"17/10/2019","4,770.0","4,700.0","4,900.0","4,700.0","531.03K","1.49%"
"16/10/2019","4,700.0","4,700.0","4,850.0","4,620.0","110.66K","0.00%"
"15/10/2019","4,700.0","4,780.0","4,960.0","4,690.0","370.69K","-0.84%"
"14/10/2019","4,740.0","4,660.0","4,800.0","4,650.0","118.61K","0.21%"
"11/10/2019","4,730.0","4,790.0","4,790.0","4,550.0","107.12K","1.72%"
"10/10/2019","4,650.0","5,000.0","5,000.0","4,650.0","372.89K","-2.31%"
"09/10/2019","4,760.0","4,440.0","4,760.0","4,440.0","626.34K","6.97%"
"08/10/2019","4,450.0","4,500.0","4,500.0","4,420.0","51.87K","0.00%"
"07/10/2019","4,450.0","4,500.0","4,540.0","4,450.0","130.60K","-0.89%"
"04/10/2019","4,490.0","4,490.0","4,550.0","4,480.0","84.29K","0.00%"
"03/10/2019","4,490.0","4,500.0","4,540.0","4,490.0","111.80K","-1.10%"
"02/10/2019","4,540.0","4,550.0","4,580.0","4,500.0","211.73K","0.89%"
"01/10/2019","4,500.0","4,580.0","4,600.0","4,480.0","123.32K","-0.66%"
"30/09/2019","4,530.0","4,580.0","4,580.0","4,510.0","1.36M","-1.52%"
"27/09/2019","4,600.0","4,640.0","4,640.0","4,550.0","6.91K","0.00%"
"26/09/2019","4,600.0","4,460.0","4,600.0","4,450.0","75.07K","3.14%"
"25/09/2019","4,460.0","4,500.0","4,580.0","4,460.0","223.90K","-1.98%"
"24/09/2019","4,550.0","4,550.0","4,600.0","4,500.0","136.89K","0.00%"
"23/09/2019","4,550.0","4,750.0","4,750.0","4,530.0","141.64K","-1.30%"
"20/09/2019","4,610.0","4,710.0","4,710.0","4,610.0","182.48K","-2.74%"
"19/09/2019","4,740.0","4,690.0","4,790.0","4,650.0","127.44K","1.07%"
"18/09/2019","4,690.0","4,640.0","4,700.0","4,540.0","287.48K","1.96%"
"17/09/2019","4,600.0","4,640.0","4,640.0","4,580.0","110.39K","0.00%"
"16/09/2019","4,600.0","4,640.0","4,640.0","4,580.0","77.06K","0.00%"
"13/09/2019","4,600.0","4,590.0","4,640.0","4,560.0","37.61K","0.22%"
"12/09/2019","4,590.0","4,620.0","4,620.0","4,580.0","68.37K","-0.65%"
"11/09/2019","4,620.0","4,530.0","4,640.0","4,520.0","194.35K","1.99%"
"10/09/2019","4,530.0","4,570.0","4,650.0","4,530.0","92.21K","-1.74%"
"09/09/2019","4,610.0","4,610.0","4,700.0","4,600.0","143.16K","-0.86%"
"06/09/2019","4,650.0","4,600.0","4,700.0","4,570.0","79.60K","1.53%"
"05/09/2019","4,580.0","4,600.0","4,670.0","4,570.0","185.98K","-0.87%"
"04/09/2019","4,620.0","4,710.0","4,730.0","4,610.0","144.95K","-2.33%"
"03/09/2019","4,730.0","4,880.0","4,960.0","4,730.0","157.28K","-3.07%"
"30/08/2019","4,880.0","4,600.0","4,910.0","4,550.0","534.05K","6.32%"
"29/08/2019","4,590.0","4,570.0","4,640.0","4,570.0","53.07K","-1.08%"
"28/08/2019","4,640.0","4,680.0","4,680.0","4,530.0","53.69K","0.00%"
"27/08/2019","4,640.0","4,590.0","4,700.0","4,480.0","194.66K","3.11%"
"26/08/2019","4,500.0","4,660.0","4,660.0","4,500.0","106.78K","-3.43%"
"23/08/2019","4,660.0","4,660.0","4,660.0","4,580.0","108.93K","1.08%"
"22/08/2019","4,610.0","4,750.0","4,800.0","4,520.0","255.67K","-0.86%"
"21/08/2019","4,650.0","4,750.0","4,800.0","4,650.0","257.76K","-1.90%"
"20/08/2019","4,740.0","4,700.0","4,890.0","4,700.0","193.10K","-0.63%"
"19/08/2019","4,770.0","4,980.0","4,980.0","4,750.0","206.72K","-4.22%"
"16/08/2019","4,980.0","5,030.0","5,100.0","4,790.0","41.34K","-0.80%"
"15/08/2019","5,020.0","4,750.0","5,080.0","4,750.0","592.17K","5.68%"
"14/08/2019","4,750.0","4,440.0","4,750.0","4,440.0","449.81K","6.98%"
"13/08/2019","4,440.0","4,420.0","4,470.0","4,420.0","78.45K","-0.22%"
"12/08/2019","4,450.0","4,420.0","4,480.0","4,420.0","52.01K","-0.45%"
"09/08/2019","4,470.0","4,420.0","4,490.0","4,420.0","104.13K","0.00%"
"08/08/2019","4,470.0","4,480.0","4,480.0","4,410.0","108.06K","0.00%"
"07/08/2019","4,470.0","4,380.0","4,490.0","4,380.0","176.65K","0.45%"
"06/08/2019","4,450.0","4,410.0","4,450.0","4,350.0","158.67K","-1.98%"
"05/08/2019","4,540.0","4,560.0","4,560.0","4,450.0","134.85K","-0.44%"
"02/08/2019","4,560.0","4,560.0","4,600.0","4,500.0","67.11K","0.00%"
"01/08/2019","4,560.0","4,550.0","4,690.0","4,540.0","310.72K","1.33%"
"31/07/2019","4,500.0","4,320.0","4,500.0","4,320.0","191.92K","2.27%"
"30/07/2019","4,400.0","4,400.0","4,490.0","4,400.0","76.78K","0.23%"
"29/07/2019","4,390.0","4,440.0","4,440.0","4,320.0","50.76K","1.62%"
"26/07/2019","4,320.0","4,390.0","4,400.0","4,300.0","139.41K","-2.04%"
"25/07/2019","4,410.0","4,430.0","4,500.0","4,400.0","191.77K","-1.34%"
"24/07/2019","4,470.0","4,470.0","4,580.0","4,400.0","146.77K","-2.19%"
"23/07/2019","4,570.0","4,580.0","4,580.0","4,480.0","186.19K","0.22%"
"22/07/2019","4,560.0","4,500.0","4,580.0","4,480.0","115.14K","1.11%"
"19/07/2019","4,510.0","4,600.0","4,600.0","4,510.0","72.23K","-2.38%"
"18/07/2019","4,620.0","4,520.0","4,620.0","4,520.0","201.29K","0.65%"
"17/07/2019","4,590.0","4,680.0","4,680.0","4,550.0","100.09K","-0.22%"
"16/07/2019","4,600.0","4,400.0","4,630.0","4,350.0","263.17K","4.55%"
"15/07/2019","4,400.0","4,370.0","4,400.0","4,340.0","105.66K","0.92%"
"12/07/2019","4,360.0","4,440.0","4,440.0","4,360.0","92.29K","-0.91%"
"11/07/2019","4,400.0","4,400.0","4,410.0","4,370.0","79.66K","0.00%"
"10/07/2019","4,400.0","4,420.0","4,420.0","4,370.0","106.66K","0.46%"
"09/07/2019","4,380.0","4,450.0","4,450.0","4,360.0","157.09K","0.00%"
"08/07/2019","4,380.0","4,360.0","4,400.0","4,320.0","119.53K","0.46%"
"05/07/2019","4,360.0","4,410.0","4,490.0","4,340.0","323.57K","-2.68%"
"04/07/2019","4,480.0","4,450.0","4,510.0","4,400.0","166.06K","2.05%"
"03/07/2019","4,390.0","4,490.0","4,500.0","4,320.0","260.17K","-2.23%"
"02/07/2019","4,490.0","4,570.0","4,640.0","4,490.0","212.24K","-1.75%"
"01/07/2019","4,570.0","4,770.0","4,770.0","4,560.0","38.31K","0.88%"
"28/06/2019","4,530.0","4,550.0","4,840.0","4,500.0","153.14K","-1.52%"
"27/06/2019","4,600.0","4,700.0","4,700.0","4,600.0","299.51K","-2.13%"
"26/06/2019","4,700.0","4,830.0","4,830.0","4,700.0","226.72K","-1.26%"
"25/06/2019","4,760.0","4,760.0","4,900.0","4,750.0","134.97K","-0.63%"
"24/06/2019","4,790.0","4,840.0","4,840.0","4,790.0","273.18K","-1.03%"
"21/06/2019","4,840.0","4,970.0","4,970.0","4,840.0","140.78K","-0.82%"
"20/06/2019","4,880.0","4,850.0","4,950.0","4,850.0","69.45K","0.62%"
"19/06/2019","4,850.0","5,000.0","5,000.0","4,850.0","113.30K","0.00%"
"18/06/2019","4,850.0","4,860.0","4,900.0","4,840.0","147.26K","-0.21%"
"17/06/2019","4,860.0","4,860.0","4,900.0","4,860.0","234.10K","-0.82%"
"14/06/2019","4,900.0","5,100.0","5,100.0","4,900.0","168.15K","-1.61%"
"13/06/2019","4,980.0","5,050.0","5,150.0","4,980.0","124.32K","-1.39%"
"12/06/2019","5,050.0","4,990.0","5,140.0","4,860.0","617.16K","1.20%"
"11/06/2019","4,990.0","5,070.0","5,070.0","4,900.0","317.32K","-1.58%"
"10/06/2019","5,070.0","5,050.0","5,120.0","4,950.0","726.94K","0.40%"
"07/06/2019","5,050.0","4,900.0","5,050.0","4,700.0","839.78K","3.06%"
"06/06/2019","4,900.0","4,900.0","4,900.0","4,810.0","249.70K","0.00%"
"05/06/2019","4,900.0","4,960.0","4,960.0","4,810.0","724.71K","-1.21%"
"04/06/2019","4,960.0","5,130.0","5,130.0","4,950.0","479.89K","-3.31%"
"03/06/2019","5,130.0","5,150.0","5,150.0","4,900.0","440.02K","-0.39%"
"31/05/2019","5,150.0","5,170.0","5,200.0","5,070.0","364.16K","0.00%"
"30/05/2019","5,150.0","5,140.0","5,150.0","5,070.0","579.34K","0.19%"
"29/05/2019","5,140.0","5,150.0","5,160.0","5,060.0","545.90K","0.00%"
"28/05/2019","5,140.0","5,140.0","5,140.0","5,060.0","412.38K","0.00%"
"27/05/2019","5,140.0","5,150.0","5,200.0","5,050.0","437.05K","-0.19%"
"24/05/2019","5,150.0","5,090.0","5,150.0","5,000.0","659.33K","1.18%"
"23/05/2019","5,090.0","5,220.0","5,230.0","5,090.0","1.09M","-2.49%"
"22/05/2019","5,220.0","5,300.0","5,330.0","5,210.0","715.15K","-1.51%"
"21/05/2019","5,300.0","5,350.0","5,350.0","5,200.0","495.93K","-0.93%"
"20/05/2019","5,350.0","5,370.0","5,420.0","5,150.0","1.49M","-0.37%"
"17/05/2019","5,370.0","5,420.0","5,500.0","5,200.0","1.10M","-0.56%"
"16/05/2019","5,400.0","5,340.0","5,550.0","5,300.0","746.69K","1.89%"
"15/05/2019","5,300.0","4,960.0","5,300.0","4,800.0","1.85M","6.85%"
"14/05/2019","4,960.0","4,960.0","4,960.0","4,850.0","444.44K","0.00%"
"13/05/2019","4,960.0","4,950.0","4,990.0","4,850.0","553.65K","0.40%"
"10/05/2019","4,940.0","5,050.0","5,050.0","4,850.0","588.64K","-0.20%"
"09/05/2019","4,950.0","5,050.0","5,150.0","4,950.0","524.16K","-2.94%"
"08/05/2019","5,100.0","5,100.0","5,170.0","5,030.0","259.06K","-1.73%"
"07/05/2019","5,190.0","5,150.0","5,200.0","5,070.0","394.32K","1.76%"
"06/05/2019","5,100.0","5,130.0","5,200.0","5,000.0","379.43K","-2.86%"
"03/05/2019","5,250.0","5,200.0","5,280.0","5,130.0","571.34K","-0.94%"
"02/05/2019","5,300.0","5,250.0","5,350.0","5,170.0","675.56K","1.15%"
"26/04/2019","5,240.0","5,390.0","5,390.0","5,210.0","833.41K","-2.06%"
"25/04/2019","5,350.0","5,400.0","5,460.0","5,310.0","784.07K","-0.93%"
"24/04/2019","5,400.0","5,490.0","5,490.0","5,300.0","692.90K","-0.92%"
"23/04/2019","5,450.0","5,300.0","5,550.0","5,300.0","426.25K","3.42%"
"22/04/2019","5,270.0","5,400.0","5,400.0","5,250.0","627.36K","-4.18%"
"19/04/2019","5,500.0","5,300.0","5,620.0","5,290.0","774.12K","3.97%"
"18/04/2019","5,290.0","5,500.0","5,500.0","5,290.0","870.45K","-4.68%"
"17/04/2019","5,550.0","5,800.0","5,800.0","5,550.0","1.61M","-6.88%"
"16/04/2019","5,960.0","6,160.0","6,160.0","5,960.0","1.41M","-6.88%"
"12/04/2019","6,400.0","6,400.0","6,750.0","6,370.0","1.92M","0.63%"
"11/04/2019","6,360.0","6,000.0","6,360.0","6,000.0","2.61M","6.89%"
"10/04/2019","5,950.0","6,000.0","6,050.0","5,810.0","1.21M","-0.83%"
"09/04/2019","6,000.0","6,000.0","6,160.0","5,800.0","2.43M","4.17%"
"08/04/2019","5,760.0","5,390.0","5,760.0","5,390.0","844.00K","6.86%"
"05/04/2019","5,390.0","5,450.0","5,470.0","5,300.0","168.69K","0.00%"
"04/04/2019","5,390.0","5,300.0","5,420.0","5,270.0","341.81K","1.70%"
"03/04/2019","5,300.0","5,400.0","5,400.0","5,290.0","444.68K","-3.28%"
"02/04/2019","5,480.0","5,510.0","5,600.0","5,480.0","242.33K","-0.54%"
"01/04/2019","5,510.0","5,450.0","5,520.0","5,450.0","564.28K","2.23%"
"29/03/2019","5,390.0","5,250.0","5,550.0","5,110.0","1.53M","2.67%"
"28/03/2019","5,250.0","5,220.0","5,270.0","5,120.0","609.13K","0.57%"
"27/03/2019","5,220.0","5,230.0","5,250.0","5,110.0","763.43K","-0.19%"
"26/03/2019","5,230.0","5,200.0","5,290.0","5,110.0","786.21K","0.38%"
"25/03/2019","5,210.0","5,160.0","5,290.0","5,110.0","1.09M","-1.51%"
"22/03/2019","5,290.0","5,290.0","5,300.0","5,110.0","624.01K","0.00%"
"21/03/2019","5,290.0","5,350.0","5,400.0","5,150.0","800.84K","-0.19%"
"20/03/2019","5,300.0","5,310.0","5,400.0","5,110.0","853.73K","-0.19%"
"19/03/2019","5,310.0","5,640.0","5,700.0","5,280.0","1.03M","-5.18%"
"18/03/2019","5,600.0","5,900.0","5,900.0","5,600.0","972.24K","-5.25%"
"15/03/2019","5,910.0","6,000.0","6,100.0","5,900.0","1.10M","-2.64%"
"14/03/2019","6,070.0","6,000.0","6,150.0","5,930.0","1.47M","-0.33%"
"13/03/2019","6,090.0","6,090.0","6,090.0","5,800.0","1.37M","0.00%"
"12/03/2019","6,090.0","6,000.0","6,100.0","5,800.0","1.20M","1.67%"
"11/03/2019","5,990.0","5,600.0","6,040.0","5,400.0","3.18M","6.02%"
"08/03/2019","5,650.0","5,650.0","5,740.0","5,440.0","2.93M","5.21%"
"07/03/2019","5,370.0","5,250.0","5,370.0","5,200.0","736.85K","6.97%"
"06/03/2019","5,020.0","4,700.0","5,020.0","4,640.0","2.43M","6.81%"
"05/03/2019","4,700.0","4,700.0","4,750.0","4,620.0","1.04M","-1.88%"
"04/03/2019","4,790.0","4,700.0","4,790.0","4,600.0","1.20M","-0.21%"
"01/03/2019","4,800.0","4,700.0","4,800.0","4,600.0","1.09M","0.63%"