Date,Close,Open,High,Low,Volume,Change %
1/3/2024,"9,160.00","9,170.00","9,170.00","9,070.00",470.60K,0.33%
29/02/2024,"9,130.00","9,200.00","9,200.00","9,070.00",544.10K,-0.76%
28/02/2024,"9,200.00","9,200.00","9,210.00","9,040.00",582.60K,0.00%
27/02/2024,"9,200.00","8,920.00","9,300.00","8,870.00",800.30K,2.68%
26/02/2024,"8,960.00","8,990.00","9,000.00","8,510.00",444.10K,-0.33%
23/02/2024,"8,990.00","9,180.00","9,180.00","8,980.00",688.00K,-2.07%
22/02/2024,"9,180.00","8,800.00","9,200.00","8,770.00",1.16M,4.79%
21/02/2024,"8,760.00","8,800.00","8,800.00","8,690.00",228.40K,-0.23%
20/02/2024,"8,780.00","8,800.00","8,840.00","8,710.00",421.70K,0.80%
19/02/2024,"8,710.00","8,800.00","8,800.00","8,620.00",359.90K,-1.14%
16/02/2024,"8,810.00","8,900.00","8,900.00","8,800.00",361.20K,0.11%
15/02/2024,"8,800.00","8,470.00","8,850.00","8,470.00",724.30K,4.76%
7/2/2024,"8,400.00","8,250.00","8,450.00","8,250.00",263.40K,0.48%
6/2/2024,"8,360.00","8,450.00","8,450.00","8,300.00",286.10K,0.60%
5/2/2024,"8,310.00","8,410.00","8,550.00","8,300.00",397.30K,-0.95%
2/2/2024,"8,390.00","8,700.00","8,700.00","8,360.00",1.03M,-3.56%
1/2/2024,"8,700.00","8,800.00","8,820.00","8,630.00",339.70K,0.00%
31/01/2024,"8,700.00","9,010.00","9,050.00","8,610.00",324.40K,-1.25%
30/01/2024,"8,810.00","8,500.00","8,990.00","8,500.00",762.60K,3.65%
29/01/2024,"8,500.00","9,030.00","9,120.00","8,500.00",1.23M,-6.08%
26/01/2024,"9,050.00","9,240.00","9,300.00","9,010.00",610.00K,-1.63%
25/01/2024,"9,200.00","9,250.00","9,300.00","9,200.00",379.30K,-0.97%
24/01/2024,"9,290.00","9,400.00","9,480.00","9,290.00",604.00K,-1.69%
23/01/2024,"9,450.00","9,670.00","9,670.00","9,380.00",398.20K,-0.53%
22/01/2024,"9,500.00","9,520.00","9,670.00","9,400.00",435.80K,0.00%
19/01/2024,"9,500.00","9,360.00","9,800.00","9,360.00",521.70K,2.04%
18/01/2024,"9,310.00","9,510.00","9,640.00","9,310.00",634.10K,-2.62%
17/01/2024,"9,560.00","9,630.00","9,650.00","9,510.00",447.10K,0.63%
16/01/2024,"9,500.00","9,500.00","9,650.00","9,340.00",495.00K,0.00%
15/01/2024,"9,500.00","9,510.00","9,740.00","9,500.00",306.80K,-0.11%
12/1/2024,"9,510.00","9,800.00","9,800.00","9,300.00",693.70K,-2.96%
11/1/2024,"9,800.00","9,660.00","9,900.00","9,660.00",451.60K,1.55%
10/1/2024,"9,650.00","9,990.00","10,000.00","9,500.00",1.09M,-3.40%
9/1/2024,"9,990.00","10,050.00","10,100.00","9,960.00",825.60K,-0.60%
8/1/2024,"10,050.00","10,100.00","10,200.00","9,980.00",1.03M,0.60%
5/1/2024,"9,990.00","10,100.00","10,150.00","9,970.00",1.05M,-1.09%
4/1/2024,"10,100.00","10,150.00","10,200.00","10,050.00",1.45M,-0.49%
3/1/2024,"10,150.00","10,250.00","10,250.00","10,050.00",669.60K,0.00%
2/1/2024,"10,150.00","10,200.00","10,550.00","9,980.00",984.40K,1.00%
29/12/2023,"10,050.00","10,000.00","10,450.00","10,000.00",4.69M,-6.51%
28/12/2023,"10,750.00","10,850.00","10,850.00","10,700.00",565.20K,-0.46%
27/12/2023,"10,800.00","10,800.00","10,950.00","10,750.00",724.20K,-0.46%
26/12/2023,"10,850.00","10,950.00","11,000.00","10,800.00",517.20K,0.46%
25/12/2023,"10,800.00","10,700.00","10,950.00","10,700.00",686.00K,0.00%
22/12/2023,"10,800.00","11,100.00","11,100.00","10,800.00",643.80K,-0.92%
21/12/2023,"10,900.00","10,900.00","11,100.00","10,800.00",371.10K,-0.46%
20/12/2023,"10,950.00","11,000.00","11,250.00","10,900.00",339.20K,-0.45%
19/12/2023,"11,000.00","11,000.00","11,200.00","10,700.00",641.00K,-0.45%
18/12/2023,"11,050.00","10,850.00","11,350.00","10,850.00",780.50K,1.84%
15/12/2023,"10,850.00","10,950.00","11,050.00","10,700.00",552.70K,-0.91%
14/12/2023,"10,950.00","11,000.00","11,150.00","10,750.00",652.50K,0.46%
13/12/2023,"10,900.00","11,200.00","11,400.00","10,800.00",926.00K,-2.24%
12/12/2023,"11,150.00","11,050.00","11,400.00","11,050.00",440.00K,1.36%
11/12/2023,"11,000.00","11,500.00","11,500.00","10,950.00",1.27M,-4.35%
8/12/2023,"11,500.00","11,750.00","11,900.00","11,350.00",914.00K,-2.13%
7/12/2023,"11,750.00","11,200.00","11,750.00","11,200.00",4.23M,6.82%
6/12/2023,"11,000.00","10,850.00","11,050.00","10,850.00",942.00K,1.38%
5/12/2023,"10,850.00","11,250.00","11,250.00","10,800.00",960.70K,-1.81%
4/12/2023,"11,050.00","10,800.00","11,250.00","10,800.00",1.06M,2.31%
1/12/2023,"10,800.00","10,400.00","11,000.00","10,400.00",2.43M,-3.14%
30/11/2023,"11,150.00","11,100.00","11,600.00","11,050.00",954.50K,-0.89%
29/11/2023,"11,250.00","11,350.00","11,350.00","11,000.00",511.80K,0.00%
28/11/2023,"11,250.00","10,800.00","11,250.00","10,600.00",693.50K,4.17%
27/11/2023,"10,800.00","11,300.00","11,300.00","10,700.00",837.50K,-3.14%
24/11/2023,"11,150.00","11,450.00","11,500.00","10,700.00",1.95M,-2.62%
23/11/2023,"11,450.00","12,300.00","12,450.00","11,450.00",1.62M,-6.91%
22/11/2023,"12,300.00","12,300.00","12,400.00","12,000.00",1.03M,-0.81%
21/11/2023,"12,400.00","12,350.00","12,400.00","11,800.00",1.67M,1.22%
20/11/2023,"12,250.00","12,000.00","12,400.00","11,600.00",1.63M,1.66%
17/11/2023,"12,050.00","11,500.00","12,050.00","11,350.00",4.92M,6.64%
16/11/2023,"11,300.00","11,050.00","11,300.00","10,950.00",723.80K,1.80%
15/11/2023,"11,100.00","11,700.00","11,700.00","11,000.00",1.10M,-0.89%
14/11/2023,"11,200.00","11,300.00","11,300.00","10,900.00",810.70K,1.82%
13/11/2023,"11,000.00","11,200.00","11,450.00","10,850.00",851.50K,-1.35%
10/11/2023,"11,150.00","11,150.00","11,500.00","10,950.00",1.58M,-1.76%
9/11/2023,"11,350.00","11,250.00","11,750.00","11,000.00",1.12M,2.71%
8/11/2023,"11,050.00","10,250.00","11,050.00","10,250.00",1.38M,6.76%
7/11/2023,"10,350.00","10,650.00","10,750.00","10,350.00",498.60K,-2.82%
6/11/2023,"10,650.00","10,600.00","10,850.00","10,500.00",594.10K,0.47%
3/11/2023,"10,600.00","10,850.00","10,850.00","10,350.00",967.20K,4.43%
2/11/2023,"10,150.00","9,800.00","10,150.00","9,800.00",399.50K,6.84%
1/11/2023,"9,500.00","9,500.00","9,870.00","9,010.00",482.20K,0.00%
31/10/2023,"9,500.00","10,150.00","10,250.00","9,500.00",950.30K,-5.00%
30/10/2023,"10,000.00","10,550.00","10,600.00","10,000.00",423.50K,-6.54%
27/10/2023,"10,700.00","10,800.00","10,900.00","9,900.00",955.10K,2.39%
26/10/2023,"10,450.00","10,600.00","10,800.00","10,450.00",854.30K,-6.70%
25/10/2023,"11,200.00","11,350.00","11,500.00","10,950.00",711.80K,-0.88%
24/10/2023,"11,300.00","11,450.00","11,450.00","10,750.00",665.00K,1.35%
23/10/2023,"11,150.00","11,100.00","11,200.00","10,850.00",888.10K,3.24%
20/10/2023,"10,800.00","10,150.00","10,800.00","10,000.00",747.80K,6.93%
19/10/2023,"10,100.00","10,050.00","10,350.00","9,700.00",626.30K,0.50%
18/10/2023,"10,050.00","10,500.00","10,700.00","9,900.00",985.20K,-4.29%
17/10/2023,"10,500.00","11,350.00","11,350.00","10,500.00",560.20K,-4.55%
16/10/2023,"11,000.00","11,250.00","11,600.00","11,000.00",577.50K,-5.17%
13/10/2023,"11,600.00","11,050.00","11,600.00","10,800.00",903.70K,0.43%
12/10/2023,"11,550.00","11,650.00","11,900.00","11,250.00",985.90K,1.76%
11/10/2023,"11,350.00","11,100.00","11,350.00","11,000.00",1.54M,6.57%
10/10/2023,"10,650.00","10,000.00","10,650.00","10,000.00",620.50K,6.61%
9/10/2023,"9,990.00","10,000.00","10,050.00","9,510.00",429.20K,0.91%
6/10/2023,"9,900.00","9,610.00","10,000.00","9,320.00",873.10K,-0.70%
5/10/2023,"9,970.00","10,650.00","10,750.00","9,950.00",693.30K,-6.38%
4/10/2023,"10,650.00","10,200.00","10,950.00","10,050.00",627.60K,-0.93%
3/10/2023,"10,750.00","11,400.00","11,400.00","10,750.00",1.06M,-6.93%
2/10/2023,"11,550.00","11,550.00","11,650.00","11,300.00",458.90K,0.00%
29/09/2023,"11,550.00","12,000.00","12,000.00","11,300.00",733.90K,-0.43%
28/09/2023,"11,600.00","11,500.00","11,800.00","11,300.00",733.00K,3.11%
27/09/2023,"11,250.00","11,000.00","11,400.00","10,500.00",988.40K,2.27%
26/09/2023,"11,000.00","11,550.00","12,150.00","11,000.00",1.27M,-6.38%
25/09/2023,"11,750.00","12,350.00","12,600.00","11,750.00",1.10M,-6.75%
22/09/2023,"12,600.00","12,850.00","13,150.00","12,500.00",2.20M,-5.97%
21/09/2023,"13,400.00","13,950.00","13,950.00","13,400.00",1.10M,-4.29%
20/09/2023,"14,000.00","13,800.00","14,050.00","13,300.00",909.90K,2.94%
19/09/2023,"13,600.00","13,150.00","13,600.00","12,700.00",1.24M,2.26%
18/09/2023,"13,300.00","13,600.00","14,000.00","13,250.00",931.10K,-5.00%
15/09/2023,"14,000.00","13,900.00","14,000.00","12,600.00",1.98M,3.70%
14/09/2023,"13,500.00","14,250.00","14,700.00","13,500.00",2.38M,-6.90%
13/09/2023,"14,500.00","14,800.00","14,900.00","13,900.00",2.25M,2.11%
12/9/2023,"14,200.00","13,350.00","14,200.00","13,350.00",1.39M,6.77%
11/9/2023,"13,300.00","13,550.00","14,700.00","13,300.00",2.33M,-5.67%
8/9/2023,"14,100.00","15,600.00","15,950.00","14,100.00",4.33M,-6.93%
7/9/2023,"15,150.00","14,300.00","15,200.00","14,300.00",2.35M,6.32%
6/9/2023,"14,250.00","13,900.00","14,250.00","13,350.00",2.68M,6.74%
5/9/2023,"13,350.00","13,250.00","13,350.00","12,900.00",2.42M,6.80%
31/08/2023,"12,500.00","11,850.00","12,500.00","11,750.00",2.32M,6.84%
30/08/2023,"11,700.00","11,800.00","12,000.00","11,400.00",732.50K,0.86%
29/08/2023,"11,600.00","11,850.00","11,950.00","11,150.00",3.44M,3.57%
28/08/2023,"11,200.00","10,800.00","11,200.00","10,550.00",500.00K,6.67%
25/08/2023,"10,500.00","10,850.00","10,850.00","10,450.00",468.60K,-2.78%
24/08/2023,"10,800.00","10,450.00","10,800.00","10,200.00",599.30K,3.35%
23/08/2023,"10,450.00","10,850.00","10,850.00","10,400.00",723.60K,-0.48%
22/08/2023,"10,500.00","10,250.00","10,500.00","9,700.00",1.07M,2.94%
21/08/2023,"10,200.00","10,000.00","10,600.00","9,860.00",1.66M,-3.77%
18/08/2023,"10,600.00","10,950.00","11,350.00","10,600.00",1.31M,-6.61%
17/08/2023,"11,350.00","11,800.00","12,000.00","11,350.00",1.32M,-5.42%
16/08/2023,"12,000.00","11,700.00","12,000.00","11,600.00",997.40K,0.84%
15/08/2023,"11,900.00","12,200.00","12,450.00","11,500.00",973.50K,0.00%
14/08/2023,"11,900.00","12,400.00","12,700.00","11,400.00",1.84M,0.00%
11/8/2023,"11,900.00","11,300.00","11,900.00","11,200.00",2.59M,6.73%
10/8/2023,"11,150.00","10,600.00","11,150.00","10,600.00",2.78M,6.70%
9/8/2023,"10,450.00","10,300.00","10,750.00","10,300.00",1.03M,0.00%
8/8/2023,"10,450.00","10,600.00","10,900.00","10,400.00",980.10K,-1.42%
7/8/2023,"10,600.00","11,000.00","11,000.00","10,250.00",2.23M,-2.75%
4/8/2023,"10,900.00","10,950.00","11,500.00","10,700.00",1.31M,-0.46%
3/8/2023,"10,950.00","11,150.00","11,300.00","10,700.00",1.94M,2.34%
2/8/2023,"10,700.00","9,800.00","10,700.00","9,800.00",1.61M,7.00%
1/8/2023,"10,000.00","11,050.00","11,050.00","10,000.00",5.48M,-3.38%
31/07/2023,"10,350.00","10,350.00","10,350.00","10,350.00",644.30K,6.92%
28/07/2023,"9,680.00","9,200.00","9,680.00","9,160.00",1.95M,6.96%
27/07/2023,"9,050.00","9,200.00","9,200.00","8,950.00",1.02M,-0.33%
26/07/2023,"9,080.00","9,100.00","9,190.00","9,000.00",767.30K,-0.22%
25/07/2023,"9,100.00","9,360.00","9,370.00","9,030.00",582.70K,-2.78%
24/07/2023,"9,360.00","9,450.00","9,450.00","9,030.00",1.12M,3.65%
21/07/2023,"9,030.00","8,940.00","9,090.00","8,800.00",624.80K,3.20%
20/07/2023,"8,750.00","8,900.00","8,900.00","8,520.00",734.60K,-1.80%
19/07/2023,"8,910.00","9,500.00","9,500.00","8,900.00",997.10K,-5.41%
18/07/2023,"9,420.00","9,500.00","9,700.00","9,110.00",1.59M,3.40%
17/07/2023,"9,110.00","8,890.00","9,110.00","8,600.00",961.00K,6.92%
14/07/2023,"8,520.00","8,290.00","8,740.00","8,200.00",1.22M,3.65%
13/07/2023,"8,220.00","8,200.00","8,350.00","8,110.00",706.60K,0.37%
12/7/2023,"8,190.00","8,290.00","8,350.00","8,050.00",712.50K,-0.73%
11/7/2023,"8,250.00","8,310.00","8,390.00","8,200.00",911.80K,0.00%
10/7/2023,"8,250.00","8,050.00","8,400.00","8,050.00",862.20K,2.36%
7/7/2023,"8,060.00","7,950.00","8,190.00","7,850.00",519.30K,-1.59%
6/7/2023,"8,190.00","8,550.00","8,550.00","8,100.00",621.20K,-4.21%
5/7/2023,"8,550.00","8,790.00","8,790.00","8,490.00",494.40K,0.00%
4/7/2023,"8,550.00","8,290.00","8,700.00","8,260.00",796.90K,4.01%
3/7/2023,"8,220.00","8,440.00","8,500.00","8,000.00",475.90K,-0.12%
30/06/2023,"8,230.00","8,830.00","8,830.00","8,230.00",1.61M,-6.90%
29/06/2023,"8,840.00","9,450.00","9,500.00","8,840.00",1.98M,-6.95%
28/06/2023,"9,500.00","9,400.00","9,850.00","9,260.00",753.60K,1.06%
27/06/2023,"9,400.00","9,400.00","9,900.00","9,400.00",2.83M,-6.93%
26/06/2023,"10,100.00","10,400.00","10,400.00","10,100.00",420.10K,-6.91%
23/06/2023,"10,850.00","10,700.00","10,850.00","10,050.00",2.36M,6.90%
22/06/2023,"10,150.00","10,150.00","10,150.00","10,000.00",1.90M,6.62%
21/06/2023,"9,520.00","9,190.00","9,520.00","8,950.00",977.50K,6.97%
20/06/2023,"8,900.00","9,600.00","9,700.00","8,900.00",1.06M,-6.90%
19/06/2023,"9,560.00","9,800.00","9,900.00","9,120.00",1.67M,-2.45%
16/06/2023,"9,800.00","9,800.00","11,200.00","9,800.00",5.13M,-6.67%
15/06/2023,"10,500.00","10,500.00","10,500.00","10,500.00",176.40K,-6.67%
14/06/2023,"11,250.00","12,850.00","12,850.00","11,250.00",2.82M,-6.64%
13/06/2023,"12,050.00","12,050.00","12,050.00","12,050.00",461.00K,6.64%
12/6/2023,"11,300.00","11,300.00","11,300.00","11,300.00",417.50K,6.60%
9/6/2023,"10,600.00","9,920.00","10,600.00","9,920.00",1.48M,6.85%
8/6/2023,"9,920.00","9,920.00","9,920.00","9,710.00",1.91M,6.90%
7/6/2023,"9,280.00","9,110.00","9,280.00","8,700.00",2.16M,6.91%
6/6/2023,"8,680.00","8,680.00","8,680.00","8,400.00",3.96M,6.90%
5/6/2023,"8,120.00","8,120.00","8,120.00","8,120.00",133.40K,6.98%
2/6/2023,"7,590.00","7,590.00","7,590.00","7,590.00",147.80K,6.90%
1/6/2023,"7,100.00","7,100.00","7,100.00","7,100.00",109.70K,6.93%
31/05/2023,"6,640.00","6,640.00","6,640.00","6,640.00",107.80K,6.92%
30/05/2023,"6,210.00","6,210.00","6,210.00","6,210.00",199.60K,6.88%
29/05/2023,"5,810.00","5,810.00","5,810.00","5,710.00",650.70K,7.00%
26/05/2023,"5,430.00","5,200.00","5,430.00","5,120.00",766.50K,6.89%
25/05/2023,"5,080.00","5,080.00","5,200.00","5,070.00",286.90K,0.20%
24/05/2023,"5,070.00","5,010.00","5,290.00","5,000.00",507.60K,1.40%
23/05/2023,"5,000.00","5,180.00","5,180.00","4,960.00",205.50K,-0.99%
22/05/2023,"5,050.00","4,870.00","5,050.00","4,850.00",135.50K,2.02%
19/05/2023,"4,950.00","5,060.00","5,140.00","4,910.00",392.60K,-3.70%
18/05/2023,"5,140.00","5,020.00","5,210.00","5,020.00",355.00K,2.19%
17/05/2023,"5,030.00","4,750.00","5,030.00","4,750.00",623.50K,6.79%
16/05/2023,"4,710.00","4,900.00","4,980.00","4,710.00",600.30K,-4.85%
15/05/2023,"4,950.00","5,300.00","5,300.00","4,910.00",651.20K,-1.98%
12/5/2023,"5,050.00","4,950.00","5,190.00","4,900.00",740.10K,2.85%
11/5/2023,"4,910.00","4,910.00","4,910.00","4,620.00",1.32M,6.97%
10/5/2023,"4,590.00","4,370.00","4,590.00","4,370.00",541.60K,6.99%
9/5/2023,"4,290.00","4,270.00","4,390.00","4,270.00",204.30K,0.47%
8/5/2023,"4,270.00","4,290.00","4,300.00","4,240.00",153.50K,0.47%
5/5/2023,"4,250.00","4,060.00","4,300.00","4,060.00",447.40K,4.42%
4/5/2023,"4,070.00","4,080.00","4,120.00","4,040.00",119.60K,-0.25%
28/04/2023,"4,080.00","4,070.00","4,150.00","4,000.00",252.80K,0.25%
27/04/2023,"4,070.00","4,090.00","4,120.00","4,060.00",135.30K,-0.49%
26/04/2023,"4,090.00","4,020.00","4,120.00","4,020.00",52.10K,-0.24%
25/04/2023,"4,100.00","4,100.00","4,200.00","4,030.00",70.50K,0.24%
24/04/2023,"4,090.00","4,030.00","4,200.00","4,010.00",77.30K,2.00%
21/04/2023,"4,010.00","4,160.00","4,170.00","4,000.00",263.70K,-3.61%
20/04/2023,"4,160.00","4,160.00","4,200.00","4,120.00",80.80K,0.00%
19/04/2023,"4,160.00","4,270.00","4,270.00","4,150.00",158.60K,-0.72%
18/04/2023,"4,190.00","4,160.00","4,200.00","4,140.00",174.00K,0.24%
17/04/2023,"4,180.00","4,210.00","4,210.00","4,100.00",112.20K,-0.71%
14/04/2023,"4,210.00","4,200.00","4,350.00","4,200.00",192.00K,-2.09%
13/04/2023,"4,300.00","4,390.00","4,420.00","4,230.00",138.10K,-2.05%
12/4/2023,"4,390.00","4,400.00","4,550.00","4,360.00",240.50K,-0.23%
11/4/2023,"4,400.00","4,500.00","4,500.00","4,200.00",209.50K,-2.22%
10/4/2023,"4,500.00","4,450.00","4,570.00","4,260.00",322.90K,0.67%
7/4/2023,"4,470.00","4,550.00","4,560.00","4,400.00",292.00K,-1.11%
6/4/2023,"4,520.00","4,230.00","4,520.00","4,230.00",811.90K,6.86%
5/4/2023,"4,230.00","4,200.00","4,230.00","4,110.00",296.00K,0.71%
4/4/2023,"4,200.00","4,120.00","4,210.00","4,110.00",294.70K,3.45%
3/4/2023,"4,060.00","4,000.00","4,120.00","4,000.00",271.10K,2.78%
31/03/2023,"3,950.00","3,930.00","3,990.00","3,930.00",189.40K,0.25%
30/03/2023,"3,940.00","3,920.00","3,960.00","3,900.00",136.40K,0.77%
29/03/2023,"3,910.00","3,960.00","3,990.00","3,910.00",147.20K,-1.76%
28/03/2023,"3,980.00","4,100.00","4,100.00","3,930.00",187.30K,-0.50%
27/03/2023,"4,000.00","4,000.00","4,000.00","3,950.00",196.70K,1.27%
24/03/2023,"3,950.00","3,920.00","3,950.00","3,850.00",763.70K,0.00%
23/03/2023,"3,950.00","3,840.00","3,950.00","3,840.00",73.30K,0.00%
22/03/2023,"3,950.00","3,980.00","4,050.00","3,800.00",282.20K,0.00%
21/03/2023,"3,950.00","3,840.00","3,950.00","3,800.00",184.40K,3.40%
20/03/2023,"3,820.00","3,800.00","3,860.00","3,790.00",109.30K,-1.29%
17/03/2023,"3,870.00","3,930.00","3,930.00","3,850.00",102.50K,-1.53%
16/03/2023,"3,930.00","3,900.00","3,930.00","3,860.00",104.30K,-1.01%
15/03/2023,"3,970.00","3,900.00","3,980.00","3,850.00",234.90K,3.12%
14/03/2023,"3,850.00","3,890.00","3,980.00","3,810.00",21.40K,-2.04%
13/03/2023,"3,930.00","3,900.00","3,930.00","3,860.00",62.10K,1.81%
10/3/2023,"3,860.00","3,900.00","3,930.00","3,860.00",135.70K,-2.03%
9/3/2023,"3,940.00","3,960.00","3,960.00","3,830.00",107.10K,1.81%
8/3/2023,"3,870.00","3,880.00","3,880.00","3,790.00",179.20K,1.84%
7/3/2023,"3,800.00","3,920.00","3,920.00","3,650.00",267.30K,-3.06%
6/3/2023,"3,920.00","3,870.00","4,000.00","3,870.00",135.50K,1.03%
3/3/2023,"3,880.00","3,930.00","3,940.00","3,860.00",61.70K,-0.51%
2/3/2023,"3,900.00","3,890.00","3,910.00","3,860.00",57.50K,0.26%
1/3/2023,"3,890.00","3,880.00","3,890.00","3,800.00",110.10K,0.00%
28/02/2023,"3,890.00","3,950.00","3,960.00","3,880.00",71.60K,-0.26%
27/02/2023,"3,900.00","3,930.00","3,990.00","3,810.00",117.90K,-1.27%
24/02/2023,"3,950.00","4,000.00","4,000.00","3,940.00",117.90K,-1.25%
23/02/2023,"4,000.00","4,000.00","4,080.00","3,880.00",130.40K,0.50%
22/02/2023,"3,980.00","4,100.00","4,130.00","3,980.00",198.30K,-4.33%
21/02/2023,"4,160.00","4,280.00","4,280.00","4,100.00",253.60K,0.00%
20/02/2023,"4,160.00","4,000.00","4,190.00","4,000.00",303.40K,4.00%
17/02/2023,"4,000.00","4,090.00","4,100.00","4,000.00",195.40K,-2.20%
16/02/2023,"4,090.00","4,190.00","4,190.00","4,000.00",133.30K,-0.24%
15/02/2023,"4,100.00","4,000.00","4,180.00","3,950.00",208.10K,2.50%
14/02/2023,"4,000.00","4,000.00","4,000.00","3,920.00",35.20K,0.00%
13/02/2023,"4,000.00","4,100.00","4,220.00","3,980.00",39.40K,-2.68%
10/2/2023,"4,110.00","4,160.00","4,160.00","4,080.00",42.30K,-1.91%
9/2/2023,"4,190.00","4,200.00","4,200.00","4,140.00",43.70K,0.24%
8/2/2023,"4,180.00","4,120.00","4,190.00","4,000.00",55.00K,1.70%
7/2/2023,"4,110.00","4,330.00","4,330.00","4,110.00",53.20K,-3.29%
6/2/2023,"4,250.00","4,200.00","4,250.00","4,150.00",129.20K,1.19%
3/2/2023,"4,200.00","4,250.00","4,350.00","4,200.00",27.50K,-1.18%
2/2/2023,"4,250.00","4,400.00","4,400.00","4,050.00",86.60K,-2.30%
1/2/2023,"4,350.00","4,520.00","4,520.00","4,290.00",129.50K,-2.25%
31/01/2023,"4,450.00","4,500.00","4,500.00","4,330.00",193.80K,-1.33%
30/01/2023,"4,510.00","4,570.00","4,600.00","4,390.00",172.90K,2.73%
27/01/2023,"4,390.00","4,400.00","4,600.00","4,100.00",145.90K,-0.23%
19/01/2023,"4,400.00","4,350.00","4,400.00","4,270.00",121.60K,2.33%
18/01/2023,"4,300.00","4,200.00","4,320.00","4,180.00",102.80K,2.87%
17/01/2023,"4,180.00","4,200.00","4,200.00","4,100.00",401.00K,-0.48%
16/01/2023,"4,200.00","4,200.00","4,200.00","4,100.00",86.00K,0.24%
13/01/2023,"4,190.00","4,200.00","4,250.00","4,100.00",162.10K,0.00%
12/1/2023,"4,190.00","4,160.00","4,200.00","4,150.00",55.60K,0.24%
11/1/2023,"4,180.00","4,180.00","4,340.00","4,180.00",80.90K,0.24%
10/1/2023,"4,170.00","4,190.00","4,190.00","4,100.00",77.90K,0.00%
9/1/2023,"4,170.00","4,150.00","4,300.00","4,150.00",42.70K,-2.11%
6/1/2023,"4,260.00","4,280.00","4,310.00","4,000.00",114.70K,-0.93%
5/1/2023,"4,300.00","4,500.00","4,500.00","4,180.00",29.00K,0.00%
4/1/2023,"4,300.00","4,400.00","4,400.00","4,200.00",156.60K,1.18%
3/1/2023,"4,250.00","3,980.00","4,250.00","3,900.00",188.40K,6.78%
30/12/2022,"3,980.00","4,000.00","4,000.00","3,880.00",64.90K,0.00%
29/12/2022,"3,980.00","4,050.00","4,100.00","3,980.00",98.40K,-1.49%
28/12/2022,"4,040.00","4,270.00","4,270.00","4,000.00",69.70K,1.00%
27/12/2022,"4,000.00","3,710.00","4,000.00","3,710.00",56.20K,5.26%
26/12/2022,"3,800.00","4,000.00","4,100.00","3,800.00",172.70K,-6.17%
23/12/2022,"4,050.00","4,150.00","4,200.00","4,050.00",109.60K,-1.94%
22/12/2022,"4,130.00","4,260.00","4,310.00","4,100.00",98.00K,-3.05%
21/12/2022,"4,260.00","4,580.00","4,580.00","4,260.00",169.60K,-6.99%
20/12/2022,"4,580.00","4,740.00","4,740.00","4,390.00",99.60K,-2.97%
19/12/2022,"4,720.00","4,630.00","4,750.00","4,610.00",151.00K,0.43%
16/12/2022,"4,700.00","4,690.00","4,800.00","4,600.00",130.80K,0.00%
15/12/2022,"4,700.00","4,700.00","4,740.00","4,610.00",115.60K,0.00%
14/12/2022,"4,700.00","4,650.00","4,780.00","4,630.00",119.90K,2.84%
13/12/2022,"4,570.00","4,410.00","4,770.00","4,400.00",93.50K,0.44%
12/12/2022,"4,550.00","4,820.00","4,820.00","4,400.00",143.80K,0.89%
9/12/2022,"4,510.00","4,900.00","4,900.00","4,500.00",180.20K,-2.17%
8/12/2022,"4,610.00","4,560.00","4,820.00","4,560.00",192.10K,2.22%
7/12/2022,"4,510.00","4,800.00","5,050.00","4,510.00",226.00K,-6.82%
6/12/2022,"4,840.00","5,300.00","5,300.00","4,840.00",586.10K,-6.92%
5/12/2022,"5,200.00","5,560.00","5,560.00","5,200.00",325.80K,0.00%
2/12/2022,"5,200.00","5,000.00","5,250.00","4,850.00",178.70K,1.96%
1/12/2022,"5,100.00","5,100.00","5,100.00","4,840.00",655.40K,6.92%
30/11/2022,"4,770.00","4,690.00","4,880.00","4,520.00",255.40K,2.14%
29/11/2022,"4,670.00","4,440.00","4,710.00","4,410.00",268.90K,5.90%
28/11/2022,"4,410.00","4,160.00","4,410.00","4,160.00",508.30K,6.78%
25/11/2022,"4,130.00","3,950.00","4,180.00","3,950.00",260.70K,5.36%
24/11/2022,"3,920.00","3,810.00","4,100.00","3,810.00",168.60K,-3.45%
23/11/2022,"4,060.00","4,360.00","4,380.00","4,060.00",240.10K,-6.88%
22/11/2022,"4,360.00","4,610.00","4,610.00","4,300.00",419.90K,0.69%
21/11/2022,"4,330.00","4,300.00","4,330.00","4,200.00",479.40K,6.91%
18/11/2022,"4,050.00","3,800.00","4,050.00","3,800.00",323.70K,6.86%
17/11/2022,"3,790.00","3,790.00","3,790.00","3,700.00",224.90K,6.76%
16/11/2022,"3,550.00","3,200.00","3,550.00","3,100.00",415.70K,6.93%
15/11/2022,"3,320.00","3,400.00","3,500.00","3,320.00",519.90K,-5.14%
14/11/2022,"3,500.00","3,320.00","3,500.00","3,320.00",544.20K,-1.69%
11/11/2022,"3,560.00","3,820.00","3,960.00","3,560.00",286.40K,-6.81%
10/11/2022,"3,820.00","4,200.00","4,200.00","3,820.00",312.20K,-6.83%
9/11/2022,"4,100.00","4,190.00","4,200.00","3,860.00",302.80K,-0.97%
8/11/2022,"4,140.00","4,100.00","4,400.00","4,100.00",300.20K,-5.91%
7/11/2022,"4,400.00","4,730.00","4,750.00","4,400.00",359.80K,-6.98%
4/11/2022,"4,730.00","4,820.00","4,990.00","4,710.00",99.30K,-5.40%
3/11/2022,"5,000.00","5,080.00","5,150.00","4,960.00",117.20K,-1.96%
2/11/2022,"5,100.00","5,290.00","5,290.00","5,100.00",87.10K,-3.59%
1/11/2022,"5,290.00","4,900.00","5,470.00","4,900.00",76.20K,1.54%
31/10/2022,"5,210.00","5,320.00","5,510.00","5,000.00",70.10K,-1.88%
28/10/2022,"5,310.00","5,690.00","5,690.00","5,300.00",54.70K,-1.30%
27/10/2022,"5,380.00","5,200.00","5,390.00","5,100.00",136.10K,3.46%
26/10/2022,"5,200.00","5,260.00","5,400.00","4,950.00",69.90K,-1.14%
25/10/2022,"5,260.00","5,310.00","5,320.00","4,940.00",236.90K,-0.94%
24/10/2022,"5,310.00","5,700.00","5,700.00","5,310.00",170.90K,-6.84%
21/10/2022,"5,700.00","6,100.00","6,100.00","5,680.00",145.10K,-6.56%
20/10/2022,"6,100.00","6,390.00","6,400.00","6,000.00",56.60K,-4.54%
19/10/2022,"6,390.00","6,300.00","6,410.00","6,210.00",36.40K,0.63%
18/10/2022,"6,350.00","6,280.00","6,500.00","6,250.00",148.20K,1.11%
17/10/2022,"6,280.00","6,300.00","6,300.00","5,900.00",54.50K,0.00%
14/10/2022,"6,280.00","6,100.00","6,350.00","6,100.00",150.10K,3.80%
13/10/2022,"6,050.00","5,810.00","6,200.00","5,810.00",70.80K,4.31%
12/10/2022,"5,800.00","5,500.00","5,990.00","5,500.00",55.50K,0.52%
11/10/2022,"5,770.00","6,000.00","6,000.00","5,770.00",155.10K,-6.94%
10/10/2022,"6,200.00","5,960.00","6,300.00","5,960.00",205.80K,-1.90%
7/10/2022,"6,320.00","6,600.00","6,600.00","6,170.00",204.40K,-4.68%
6/10/2022,"6,630.00","6,950.00","7,200.00","6,630.00",59.40K,-4.60%
5/10/2022,"6,950.00","6,800.00","6,950.00","6,740.00",86.80K,4.51%
4/10/2022,"6,650.00","6,800.00","6,830.00","6,650.00",84.60K,0.00%
3/10/2022,"6,650.00","7,000.00","7,090.00","6,640.00",415.20K,0.30%
30/09/2022,"6,630.00","7,000.00","7,000.00","6,570.00",244.50K,-5.29%
29/09/2022,"7,000.00","7,060.00","7,130.00","6,950.00",157.40K,-1.41%
28/09/2022,"7,100.00","7,120.00","7,190.00","7,000.00",96.80K,0.00%
27/09/2022,"7,100.00","7,200.00","7,300.00","7,090.00",124.30K,-1.39%
26/09/2022,"7,200.00","7,400.00","7,650.00","7,120.00",260.50K,-5.88%
23/09/2022,"7,650.00","7,860.00","7,860.00","7,650.00",87.70K,-1.92%
22/09/2022,"7,800.00","7,400.00","7,800.00","7,400.00",93.50K,2.63%
21/09/2022,"7,600.00","7,600.00","7,790.00","7,500.00",62.00K,-2.56%
20/09/2022,"7,800.00","7,610.00","7,980.00","7,560.00",235.70K,3.72%
19/09/2022,"7,520.00","8,020.00","8,020.00","7,520.00",232.10K,-6.00%
16/09/2022,"8,000.00","8,000.00","8,190.00","7,950.00",274.40K,-0.99%
15/09/2022,"8,080.00","8,000.00","8,220.00","7,950.00",369.40K,1.64%
14/09/2022,"7,950.00","7,830.00","8,050.00","7,830.00",121.40K,-1.36%
13/09/2022,"8,060.00","7,950.00","8,060.00","7,810.00",141.40K,1.26%
12/9/2022,"7,960.00","8,000.00","8,200.00","7,960.00",98.40K,0.00%
9/9/2022,"7,960.00","7,910.00","8,080.00","7,750.00",187.10K,0.76%
8/9/2022,"7,900.00","8,100.00","8,170.00","7,900.00",197.30K,-2.47%
7/9/2022,"8,100.00","8,600.00","8,600.00","8,100.00",341.70K,-5.81%
6/9/2022,"8,600.00","8,500.00","8,700.00","8,420.00",241.80K,0.94%
5/9/2022,"8,520.00","8,400.00","8,600.00","8,300.00",214.40K,1.91%
31/08/2022,"8,360.00","8,360.00","8,360.00","8,220.00",198.10K,1.95%
30/08/2022,"8,200.00","8,600.00","8,600.00","8,160.00",142.60K,-0.61%
29/08/2022,"8,250.00","8,300.00","8,400.00","8,000.00",314.60K,-2.71%
26/08/2022,"8,480.00","8,600.00","8,700.00","8,480.00",338.40K,-2.08%
25/08/2022,"8,660.00","8,760.00","8,800.00","8,590.00",315.00K,-1.14%
24/08/2022,"8,760.00","8,600.00","9,000.00","8,600.00",175.10K,3.06%
23/08/2022,"8,500.00","8,300.00","8,500.00","8,000.00",190.20K,2.41%
22/08/2022,"8,300.00","8,400.00","8,480.00","8,200.00",304.50K,-2.47%
19/08/2022,"8,510.00","8,420.00","8,730.00","8,420.00",133.40K,-2.07%
18/08/2022,"8,690.00","8,890.00","8,890.00","8,350.00",326.50K,-1.25%
17/08/2022,"8,800.00","8,860.00","9,100.00","8,700.00",417.10K,-0.68%
16/08/2022,"8,860.00","8,900.00","8,970.00","8,790.00",238.70K,-0.45%
15/08/2022,"8,900.00","8,950.00","9,190.00","8,900.00",148.10K,-0.56%
12/8/2022,"8,950.00","8,860.00","9,130.00","8,860.00",134.40K,0.56%
11/8/2022,"8,900.00","9,680.00","9,680.00","8,790.00",410.00K,-2.52%
10/8/2022,"9,130.00","8,810.00","9,300.00","8,810.00",494.10K,3.63%
9/8/2022,"8,810.00","8,960.00","8,960.00","8,770.00",233.90K,-0.34%
8/8/2022,"8,840.00","8,810.00","9,080.00","8,810.00",269.30K,0.23%
5/8/2022,"8,820.00","8,700.00","9,200.00","8,510.00",425.20K,0.00%
4/8/2022,"8,820.00","8,720.00","9,030.00","8,720.00",386.90K,-3.08%
3/8/2022,"9,100.00","9,380.00","9,380.00","9,010.00",724.70K,3.76%
2/8/2022,"8,770.00","8,770.00","8,770.00","8,750.00",310.90K,6.95%
1/8/2022,"8,200.00","8,300.00","8,300.00","8,000.00",345.60K,2.37%
29/07/2022,"8,010.00","8,020.00","8,170.00","8,010.00",142.40K,-0.37%
28/07/2022,"8,040.00","8,290.00","8,290.00","8,000.00",324.00K,0.50%
27/07/2022,"8,000.00","7,650.00","8,000.00","7,650.00",134.60K,4.58%
26/07/2022,"7,650.00","7,700.00","8,080.00","7,650.00",114.60K,-0.39%
25/07/2022,"7,680.00","8,000.00","8,000.00","7,660.00",117.10K,-1.79%
22/07/2022,"7,820.00","7,920.00","8,010.00","7,820.00",168.90K,-2.25%
21/07/2022,"8,000.00","8,150.00","8,250.00","7,900.00",119.50K,-1.84%
20/07/2022,"8,150.00","8,100.00","8,290.00","8,100.00",173.90K,1.88%
19/07/2022,"8,000.00","7,850.00","8,100.00","7,850.00",202.20K,1.91%
18/07/2022,"7,850.00","7,850.00","8,070.00","7,800.00",118.00K,0.38%
15/07/2022,"7,820.00","8,000.00","8,000.00","7,800.00",194.90K,-0.76%
14/07/2022,"7,880.00","7,530.00","8,000.00","7,530.00",157.10K,-0.13%
13/07/2022,"7,890.00","7,800.00","8,100.00","7,780.00",665.60K,1.15%
12/7/2022,"7,800.00","7,400.00","7,800.00","7,400.00",209.70K,6.41%
11/7/2022,"7,330.00","7,460.00","7,750.00","7,300.00",191.30K,-1.74%
8/7/2022,"7,460.00","7,060.00","7,500.00","7,060.00",101.70K,5.82%
7/7/2022,"7,050.00","7,290.00","7,290.00","7,020.00",126.30K,1.88%
6/7/2022,"6,920.00","7,150.00","7,210.00","6,810.00",125.20K,-3.89%
5/7/2022,"7,200.00","7,450.00","7,490.00","7,200.00",91.70K,-4.00%
4/7/2022,"7,500.00","7,410.00","7,790.00","7,350.00",79.80K,2.74%
1/7/2022,"7,300.00","7,520.00","7,520.00","7,050.00",164.40K,-2.93%
30/06/2022,"7,520.00","7,550.00","7,820.00","7,520.00",75.30K,-2.72%
29/06/2022,"7,730.00","7,600.00","7,820.00","7,600.00",134.80K,-1.02%
28/06/2022,"7,810.00","7,770.00","8,100.00","7,700.00",141.70K,2.76%
27/06/2022,"7,600.00","7,420.00","7,800.00","7,320.00",139.60K,2.43%
24/06/2022,"7,420.00","7,580.00","7,800.00","7,350.00",181.70K,-2.11%
23/06/2022,"7,580.00","7,150.00","7,610.00","7,120.00",201.60K,6.46%
22/06/2022,"7,120.00","6,900.00","7,120.00","6,520.00",273.20K,6.91%
21/06/2022,"6,660.00","6,900.00","7,200.00","6,650.00",349.20K,-6.85%
20/06/2022,"7,150.00","7,680.00","7,710.00","7,150.00",228.60K,-6.90%
17/06/2022,"7,680.00","8,250.00","8,250.00","7,680.00",448.70K,-6.91%
16/06/2022,"8,250.00","8,400.00","8,900.00","8,250.00",298.60K,-1.43%
15/06/2022,"8,370.00","9,090.00","9,100.00","8,370.00",352.40K,-6.90%
14/06/2022,"8,990.00","8,670.00","9,200.00","8,670.00",191.70K,-1.32%
13/06/2022,"9,110.00","9,260.00","9,490.00","9,110.00",299.20K,-6.95%
10/6/2022,"9,790.00","9,920.00","9,920.00","9,500.00",248.50K,-1.31%
9/6/2022,"9,920.00","10,050.00","10,400.00","9,920.00",266.90K,-0.50%
8/6/2022,"9,970.00","9,300.00","9,970.00","9,300.00",436.40K,6.97%
7/6/2022,"9,320.00","9,200.00","9,320.00","8,600.00",323.80K,1.30%
6/6/2022,"9,200.00","9,420.00","9,700.00","9,140.00",234.50K,-2.34%
3/6/2022,"9,420.00","9,610.00","9,750.00","9,420.00",297.90K,-2.99%
2/6/2022,"9,710.00","10,200.00","10,200.00","9,700.00",459.90K,-4.80%
1/6/2022,"10,200.00","10,250.00","10,450.00","10,100.00",216.50K,-0.49%
31/05/2022,"10,250.00","10,250.00","10,500.00","10,100.00",296.90K,-0.49%
30/05/2022,"10,300.00","10,500.00","10,650.00","10,250.00",295.10K,-0.96%
27/05/2022,"10,400.00","10,250.00","10,550.00","10,250.00",207.50K,1.46%
26/05/2022,"10,250.00","10,200.00","10,500.00","10,150.00",407.90K,0.49%
25/05/2022,"10,200.00","9,950.00","10,350.00","9,900.00",330.10K,3.45%
24/05/2022,"9,860.00","9,900.00","10,150.00","9,800.00",195.50K,-0.10%
23/05/2022,"9,870.00","10,500.00","10,600.00","9,550.00",366.80K,-3.24%
20/05/2022,"10,200.00","9,970.00","10,400.00","9,900.00",491.80K,2.41%
19/05/2022,"9,960.00","9,500.00","10,150.00","9,500.00",251.10K,1.12%
18/05/2022,"9,850.00","10,100.00","10,300.00","9,700.00",598.50K,2.28%
17/05/2022,"9,630.00","9,100.00","9,630.00","8,400.00",306.70K,7.00%
16/05/2022,"9,000.00","9,700.00","9,850.00","9,000.00",302.00K,-2.39%
13/05/2022,"9,220.00","9,810.00","10,300.00","9,210.00",444.00K,-6.87%
12/5/2022,"9,900.00","10,500.00","10,600.00","9,800.00",367.10K,-5.71%
11/5/2022,"10,500.00","10,350.00","10,950.00","10,250.00",225.50K,1.94%
10/5/2022,"10,300.00","9,800.00","10,400.00","9,700.00",524.20K,5.75%
9/5/2022,"9,740.00","10,450.00","10,450.00","9,720.00",586.80K,-6.79%
6/5/2022,"10,450.00","10,800.00","11,200.00","10,450.00",323.40K,-5.43%
5/5/2022,"11,050.00","11,750.00","11,750.00","10,950.00",255.70K,-2.21%
4/5/2022,"11,300.00","11,800.00","11,850.00","11,200.00",336.20K,-5.04%
29/04/2022,"11,900.00","11,600.00","12,000.00","11,350.00",405.10K,2.59%
28/04/2022,"11,600.00","11,950.00","11,950.00","11,350.00",325.90K,-0.43%
27/04/2022,"11,650.00","11,200.00","11,650.00","10,900.00",397.80K,6.88%
26/04/2022,"10,900.00","9,800.00","10,900.00","9,610.00",607.60K,6.86%
25/04/2022,"10,200.00","10,800.00","11,400.00","10,100.00",555.00K,-5.56%
22/04/2022,"10,800.00","10,050.00","10,800.00","10,050.00",603.20K,6.93%
21/04/2022,"10,100.00","10,100.00","11,000.00","10,100.00",1.08M,-6.91%
20/04/2022,"10,850.00","11,250.00","12,250.00","10,850.00",682.80K,-6.87%
19/04/2022,"11,650.00","12,600.00","13,000.00","11,600.00",604.20K,-6.43%
18/04/2022,"12,450.00","13,150.00","13,350.00","12,450.00",580.70K,-6.74%
15/04/2022,"13,350.00","13,800.00","14,000.00","13,350.00",319.00K,-3.26%
14/04/2022,"13,800.00","14,200.00","14,400.00","13,600.00",389.50K,-0.36%
13/04/2022,"13,850.00","12,750.00","13,850.00","12,200.00",918.10K,6.95%
12/4/2022,"12,950.00","13,800.00","14,200.00","12,950.00",930.10K,-6.83%
8/4/2022,"13,900.00","14,700.00","14,800.00","13,900.00",663.50K,-5.12%
7/4/2022,"14,650.00","14,550.00","14,850.00","14,400.00",435.80K,0.69%
6/4/2022,"14,550.00","14,750.00","15,450.00","14,350.00",895.60K,-3.32%
5/4/2022,"15,050.00","14,750.00","15,300.00","14,750.00",805.10K,-0.99%
4/4/2022,"15,200.00","16,100.00","16,150.00","15,200.00",890.90K,-4.40%
1/4/2022,"15,900.00","14,600.00","15,900.00","14,500.00",1.10M,3.58%
31/03/2022,"15,350.00","16,100.00","16,500.00","15,300.00",1.83M,-6.40%
30/03/2022,"16,400.00","16,100.00","17,250.00","16,000.00",3.07M,1.55%
29/03/2022,"16,150.00","15,100.00","16,150.00","14,900.00",846.20K,6.95%
28/03/2022,"15,100.00","15,250.00","16,200.00","15,100.00",2.43M,-6.79%
25/03/2022,"16,200.00","16,500.00","17,300.00","16,000.00",2.44M,-0.92%
24/03/2022,"16,350.00","16,350.00","16,350.00","15,900.00",2.40M,6.86%
23/03/2022,"15,300.00","15,300.00","15,300.00","15,300.00",831.10K,6.99%
22/03/2022,"14,300.00","14,800.00","14,800.00","14,100.00",1.44M,0.70%
21/03/2022,"14,200.00","13,800.00","14,400.00","13,500.00",1.15M,2.53%
18/03/2022,"13,850.00","14,350.00","14,350.00","13,700.00",2.32M,2.97%
17/03/2022,"13,450.00","12,800.00","13,450.00","12,700.00",581.20K,6.75%
16/03/2022,"12,600.00","12,350.00","12,700.00","12,350.00",349.80K,2.02%
15/03/2022,"12,350.00","12,250.00","12,650.00","12,150.00",354.20K,1.65%
14/03/2022,"12,150.00","12,600.00","12,600.00","11,950.00",724.80K,-3.57%
11/3/2022,"12,600.00","12,650.00","12,900.00","12,500.00",704.20K,-1.56%
10/3/2022,"12,800.00","13,000.00","13,100.00","12,700.00",453.00K,0.79%
9/3/2022,"12,700.00","13,000.00","13,200.00","12,400.00",797.90K,-2.31%
8/3/2022,"13,000.00","13,300.00","13,450.00","13,000.00",949.20K,-3.35%
7/3/2022,"13,450.00","13,650.00","13,650.00","13,300.00",842.90K,-1.82%
4/3/2022,"13,700.00","13,500.00","13,850.00","13,300.00",917.40K,1.48%
3/3/2022,"13,500.00","14,000.00","14,000.00","13,450.00",772.20K,-2.53%
2/3/2022,"13,850.00","13,450.00","14,200.00","13,300.00",636.80K,2.59%
1/3/2022,"13,500.00","12,950.00","13,650.00","12,900.00",985.70K,0.00%
28/02/2022,"13,500.00","13,500.00","13,700.00","13,250.00",403.90K,-0.74%
25/02/2022,"13,600.00","13,600.00","13,750.00","13,300.00",543.10K,2.64%
24/02/2022,"13,250.00","13,900.00","14,000.00","13,150.00",2.54M,-6.03%
23/02/2022,"14,100.00","13,900.00","14,500.00","13,750.00",713.10K,1.44%
22/02/2022,"13,900.00","14,000.00","14,500.00","13,550.00",1.32M,-4.47%
21/02/2022,"14,550.00","13,900.00","14,800.00","13,700.00",1.57M,5.05%
18/02/2022,"13,850.00","13,000.00","13,900.00","12,850.00",969.70K,5.32%
17/02/2022,"13,150.00","13,300.00","13,450.00","13,000.00",857.40K,0.38%
16/02/2022,"13,100.00","12,750.00","13,100.00","12,550.00",1.49M,6.94%
15/02/2022,"12,250.00","11,800.00","12,500.00","11,800.00",450.90K,2.51%
14/02/2022,"11,950.00","11,750.00","12,400.00","11,750.00",1.04M,-5.16%
11/2/2022,"12,600.00","12,600.00","13,000.00","12,450.00",774.40K,-3.82%
10/2/2022,"13,100.00","13,200.00","13,700.00","12,950.00",582.10K,-1.13%
9/2/2022,"13,250.00","12,000.00","13,450.00","11,750.00",1.36M,5.16%
8/2/2022,"12,600.00","12,800.00","13,200.00","12,200.00",1.38M,-1.95%
7/2/2022,"12,850.00","12,450.00","12,850.00","12,000.00",633.10K,6.64%
28/01/2022,"12,050.00","10,700.00","12,050.00","10,550.00",1.66M,6.64%
27/01/2022,"11,300.00","11,350.00","12,150.00","11,300.00",1.12M,-6.61%
26/01/2022,"12,100.00","12,900.00","13,400.00","12,100.00",1.90M,-6.92%
25/01/2022,"13,000.00","13,000.00","13,100.00","13,000.00",3.07M,-6.81%
24/01/2022,"13,950.00","15,200.00","15,200.00","13,950.00",1.33M,-7.00%
21/01/2022,"15,000.00","14,550.00","15,000.00","14,400.00",1.44M,6.76%
20/01/2022,"14,050.00","14,050.00","15,800.00","14,050.00",7.86M,-6.95%
19/01/2022,"15,100.00","15,100.00","15,100.00","15,100.00",40.00K,-6.79%
18/01/2022,"16,200.00","16,200.00","16,200.00","16,200.00",37.00K,-6.90%
17/01/2022,"17,400.00","17,400.00","17,400.00","17,400.00",196.00K,-6.95%
14/01/2022,"18,700.00","18,700.00","18,700.00","18,700.00",358.80K,-6.97%
13/01/2022,"20,100.00","20,100.00","20,100.00","20,100.00",201.60K,-6.94%
12/1/2022,"21,600.00","21,600.00","22,700.00","21,600.00",2.44M,-6.90%
11/1/2022,"23,200.00","21,450.00","23,250.00","20,500.00",5.05M,6.67%
10/1/2022,"21,750.00","21,750.00","21,750.00","21,000.00",3.07M,6.88%
7/1/2022,"20,350.00","20,350.00","20,350.00","19,100.00",5.78M,6.82%
6/1/2022,"19,050.00","19,050.00","19,050.00","19,050.00",555.40K,6.72%
5/1/2022,"17,850.00","17,850.00","17,850.00","17,850.00",267.80K,6.89%
4/1/2022,"16,700.00","16,700.00","16,700.00","16,700.00",1.04M,6.71%
31/12/2021,"15,650.00","16,600.00","16,600.00","15,550.00",1.95M,-4.57%
30/12/2021,"16,400.00","16,900.00","17,150.00","16,250.00",1.48M,-4.09%
29/12/2021,"17,100.00","17,950.00","17,950.00","17,000.00",1.63M,-3.12%
28/12/2021,"17,650.00","17,450.00","18,250.00","17,150.00",1.89M,0.86%
27/12/2021,"17,500.00","17,050.00","17,500.00","16,500.00",1.89M,2.64%
24/12/2021,"17,050.00","18,250.00","18,300.00","17,050.00",2.83M,-6.83%
23/12/2021,"18,300.00","17,550.00","18,650.00","16,250.00",4.48M,4.87%
22/12/2021,"17,450.00","17,000.00","17,450.00","16,900.00",1.42M,6.73%
21/12/2021,"16,350.00","15,100.00","16,350.00","15,000.00",1.60M,6.86%
20/12/2021,"15,300.00","15,250.00","15,800.00","14,500.00",1.88M,0.00%
17/12/2021,"15,300.00","16,350.00","16,350.00","15,300.00",4.01M,0.00%
16/12/2021,"15,300.00","14,400.00","15,300.00","13,850.00",1.61M,6.99%
15/12/2021,"14,300.00","14,250.00","14,600.00","13,700.00",2.36M,0.35%
14/12/2021,"14,250.00","14,250.00","14,250.00","14,050.00",2.92M,6.74%
13/12/2021,"13,350.00","12,500.00","13,350.00","12,500.00",1.01M,6.80%
10/12/2021,"12,500.00","13,000.00","13,050.00","12,400.00",1.45M,-3.10%
9/12/2021,"12,900.00","12,850.00","13,500.00","12,500.00",1.90M,0.39%
8/12/2021,"12,850.00","12,300.00","12,850.00","11,900.00",2.64M,6.64%
7/12/2021,"12,050.00","11,800.00","12,050.00","11,450.00",1.49M,6.64%
6/12/2021,"11,300.00","11,750.00","11,750.00","11,000.00",3.18M,2.73%
3/12/2021,"11,000.00","11,550.00","11,900.00","10,800.00",2.07M,-5.17%
2/12/2021,"11,600.00","12,400.00","12,400.00","11,600.00",1.35M,-2.93%
1/12/2021,"11,950.00","11,200.00","11,950.00","11,200.00",1.21M,6.70%
30/11/2021,"11,200.00","11,400.00","11,500.00","11,000.00",1.60M,0.45%
29/11/2021,"11,150.00","10,800.00","11,500.00","10,500.00",1.34M,-0.45%
26/11/2021,"11,200.00","11,700.00","11,700.00","11,000.00",1.90M,0.00%
25/11/2021,"11,200.00","10,500.00","11,200.00","10,000.00",1.39M,6.67%
24/11/2021,"10,500.00","11,300.00","11,750.00","10,500.00",2.57M,-6.25%
23/11/2021,"11,200.00","11,200.00","12,000.00","11,200.00",2.25M,-6.67%
22/11/2021,"12,000.00","12,800.00","12,800.00","12,000.00",1.43M,-6.98%
19/11/2021,"12,900.00","13,350.00","13,350.00","11,650.00",5.61M,3.20%
18/11/2021,"12,500.00","12,500.00","12,500.00","12,000.00",1.20M,6.84%
17/11/2021,"11,700.00","11,700.00","11,700.00","11,600.00",1.85M,6.85%
16/11/2021,"10,950.00","9,900.00","10,950.00","9,700.00",4.54M,6.83%
15/11/2021,"10,250.00","10,250.00","10,250.00","10,250.00",2.83M,6.99%
12/11/2021,"9,580.00","9,580.00","9,580.00","9,580.00",771.50K,6.92%
11/11/2021,"8,960.00","8,450.00","8,960.00","8,400.00",2.22M,6.92%
10/11/2021,"8,380.00","8,500.00","8,500.00","8,200.00",937.00K,-0.24%
9/11/2021,"8,400.00","8,410.00","8,520.00","8,380.00",626.90K,0.24%
8/11/2021,"8,380.00","8,360.00","8,700.00","8,360.00",1.02M,0.24%
5/11/2021,"8,360.00","8,600.00","8,600.00","8,000.00",1.86M,-2.79%
4/11/2021,"8,600.00","8,310.00","8,600.00","8,250.00",785.60K,3.49%
3/11/2021,"8,310.00","9,100.00","9,100.00","8,310.00",1.51M,-6.94%
2/11/2021,"8,930.00","8,900.00","8,990.00","8,600.00",1.24M,3.84%
1/11/2021,"8,600.00","8,550.00","8,800.00","8,200.00",1.31M,0.35%
29/10/2021,"8,570.00","8,700.00","8,950.00","8,490.00",817.60K,0.47%
28/10/2021,"8,530.00","8,270.00","8,530.00","8,200.00",899.40K,6.89%
27/10/2021,"7,980.00","7,850.00","8,300.00","7,850.00",2.48M,-4.66%
26/10/2021,"8,370.00","8,370.00","8,650.00","8,370.00",2.91M,-6.90%
25/10/2021,"8,990.00","8,920.00","9,200.00","8,920.00",793.80K,0.78%
22/10/2021,"8,920.00","9,000.00","9,200.00","8,700.00",873.70K,-0.56%
21/10/2021,"8,970.00","8,390.00","8,970.00","8,360.00",1.78M,6.91%
20/10/2021,"8,390.00","7,970.00","8,410.00","7,940.00",1.07M,5.53%
19/10/2021,"7,950.00","7,700.00","8,200.00","7,610.00",1.05M,3.25%
18/10/2021,"7,700.00","7,560.00","7,800.00","7,550.00",620.10K,1.45%
15/10/2021,"7,590.00","7,700.00","7,800.00","7,500.00",601.70K,-1.43%
14/10/2021,"7,700.00","7,410.00","7,800.00","7,410.00",1.24M,4.05%
13/10/2021,"7,400.00","7,110.00","7,500.00","7,100.00",757.80K,4.08%
12/10/2021,"7,110.00","7,200.00","7,200.00","7,000.00",329.00K,-0.84%
11/10/2021,"7,170.00","7,250.00","7,300.00","7,090.00",212.50K,-0.42%
8/10/2021,"7,200.00","7,400.00","7,400.00","7,170.00",143.40K,-2.17%
7/10/2021,"7,360.00","7,200.00","7,400.00","7,100.00",544.80K,4.55%
6/10/2021,"7,040.00","7,000.00","7,090.00","6,900.00",218.80K,1.44%
5/10/2021,"6,940.00","6,960.00","7,000.00","6,900.00",239.40K,-0.29%
4/10/2021,"6,960.00","7,090.00","7,100.00","6,900.00",142.60K,0.14%
1/10/2021,"6,950.00","6,880.00","7,110.00","6,880.00",314.80K,-1.97%
30/09/2021,"7,090.00","6,890.00","7,380.00","6,890.00",350.80K,2.75%
29/09/2021,"6,900.00","7,160.00","7,160.00","6,800.00",154.40K,1.47%
28/09/2021,"6,800.00","6,700.00","6,900.00","6,700.00",401.60K,-1.02%
27/09/2021,"6,870.00","7,080.00","7,080.00","6,800.00",877.40K,-2.97%
24/09/2021,"7,080.00","7,300.00","7,300.00","7,000.00",415.10K,-3.01%
23/09/2021,"7,300.00","8,100.00","8,100.00","7,300.00",1.13M,-3.82%
22/09/2021,"7,590.00","7,150.00","7,590.00","7,150.00",1.30M,6.90%
21/09/2021,"7,100.00","7,000.00","7,200.00","6,990.00",387.30K,-1.39%
20/09/2021,"7,200.00","6,910.00","7,380.00","6,910.00",873.30K,4.35%
17/09/2021,"6,900.00","6,950.00","7,200.00","6,790.00",692.30K,-0.72%
16/09/2021,"6,950.00","6,800.00","6,950.00","6,700.00",266.60K,0.72%
15/09/2021,"6,900.00","7,380.00","7,380.00","6,560.00",694.00K,-2.13%
14/09/2021,"7,050.00","6,700.00","7,050.00","6,600.00",1.38M,6.98%
13/09/2021,"6,590.00","6,410.00","6,690.00","6,400.00",345.40K,2.97%
10/9/2021,"6,400.00","6,360.00","6,500.00","6,360.00",328.20K,-0.16%
9/9/2021,"6,410.00","6,400.00","6,490.00","6,380.00",208.20K,-0.62%
8/9/2021,"6,450.00","6,370.00","6,600.00","6,370.00",250.70K,-0.31%
7/9/2021,"6,470.00","6,880.00","6,880.00","6,470.00",379.20K,-5.41%
6/9/2021,"6,840.00","6,580.00","6,900.00","6,580.00",514.70K,3.95%
1/9/2021,"6,580.00","6,440.00","6,580.00","6,390.00",301.30K,2.17%
31/08/2021,"6,440.00","6,380.00","6,500.00","6,290.00",366.40K,0.94%
30/08/2021,"6,380.00","6,400.00","6,500.00","6,290.00",211.80K,2.08%
27/08/2021,"6,250.00","6,200.00","6,390.00","6,190.00",244.10K,-0.79%
26/08/2021,"6,300.00","6,400.00","6,470.00","6,260.00",145.10K,-0.94%
25/08/2021,"6,360.00","6,210.00","6,370.00","6,200.00",152.10K,3.25%
24/08/2021,"6,160.00","6,520.00","6,530.00","6,100.00",245.70K,-5.67%
23/08/2021,"6,530.00","6,600.00","6,680.00","6,500.00",278.60K,-3.83%
20/08/2021,"6,790.00","7,050.00","7,050.00","6,510.00",267.30K,-3.00%
19/08/2021,"7,000.00","6,620.00","7,020.00","6,580.00",577.80K,4.01%
18/08/2021,"6,730.00","6,800.00","6,840.00","6,640.00",432.30K,-1.75%
17/08/2021,"6,850.00","7,080.00","7,080.00","6,820.00",168.20K,-2.00%
16/08/2021,"6,990.00","6,950.00","7,000.00","6,800.00",265.00K,0.87%
13/08/2021,"6,930.00","7,000.00","7,080.00","6,800.00",128.60K,-1.00%
12/8/2021,"7,000.00","6,850.00","7,200.00","6,720.00",276.60K,2.19%
11/8/2021,"6,850.00","6,910.00","6,950.00","6,800.00",166.30K,-1.44%
10/8/2021,"6,950.00","7,040.00","7,180.00","6,900.00",255.90K,-1.28%
9/8/2021,"7,040.00","6,700.00","7,100.00","6,600.00",334.30K,3.68%
6/8/2021,"6,790.00","6,750.00","6,890.00","6,700.00",319.10K,0.30%
5/8/2021,"6,770.00","6,400.00","6,770.00","6,400.00",337.50K,4.48%
4/8/2021,"6,480.00","6,340.00","6,490.00","6,300.00",276.20K,2.21%
3/8/2021,"6,340.00","6,350.00","6,350.00","6,210.00",107.00K,0.63%
2/8/2021,"6,300.00","6,390.00","6,400.00","6,300.00",154.50K,-0.94%
30/07/2021,"6,360.00","6,100.00","6,410.00","6,100.00",295.00K,4.26%
29/07/2021,"6,100.00","6,010.00","6,140.00","6,010.00",110.60K,0.00%
28/07/2021,"6,100.00","6,100.00","6,110.00","6,000.00",64.10K,0.00%
27/07/2021,"6,100.00","6,050.00","6,110.00","6,030.00",129.20K,0.66%
26/07/2021,"6,060.00","5,910.00","6,100.00","5,910.00",177.60K,-1.46%
23/07/2021,"6,150.00","6,200.00","6,350.00","6,050.00",201.00K,-0.81%
22/07/2021,"6,200.00","6,100.00","6,280.00","6,000.00",219.50K,2.14%
21/07/2021,"6,070.00","6,000.00","6,100.00","5,940.00",119.00K,1.17%
20/07/2021,"6,000.00","6,190.00","6,190.00","5,800.00",181.80K,2.92%
19/07/2021,"5,830.00","6,000.00","6,100.00","5,800.00",210.60K,-6.12%
16/07/2021,"6,210.00","6,350.00","6,400.00","6,200.00",89.00K,-2.20%
15/07/2021,"6,350.00","6,380.00","6,380.00","6,160.00",108.00K,3.08%
14/07/2021,"6,160.00","6,450.00","6,450.00","6,000.00",159.80K,-0.65%
13/07/2021,"6,200.00","6,400.00","6,400.00","6,030.00",117.20K,2.82%
12/7/2021,"6,030.00","6,470.00","6,470.00","6,030.00",347.20K,-6.94%
9/7/2021,"6,480.00","6,510.00","6,700.00","6,230.00",347.50K,-3.14%
8/7/2021,"6,690.00","6,700.00","6,850.00","6,600.00",155.30K,-0.15%
7/7/2021,"6,700.00","6,990.00","6,990.00","6,600.00",266.50K,-4.15%
6/7/2021,"6,990.00","7,000.00","7,200.00","6,520.00",264.20K,-0.14%
5/7/2021,"7,000.00","7,210.00","7,310.00","6,800.00",612.30K,-4.24%
2/7/2021,"7,310.00","7,410.00","7,410.00","7,310.00",311.50K,-1.48%
1/7/2021,"7,420.00","7,500.00","7,500.00","7,400.00",369.40K,-0.93%
30/06/2021,"7,490.00","7,560.00","7,580.00","7,490.00",247.80K,-0.93%
29/06/2021,"7,560.00","7,560.00","7,600.00","7,540.00",166.20K,0.00%
28/06/2021,"7,560.00","7,520.00","7,650.00","7,510.00",319.40K,0.53%
25/06/2021,"7,520.00","7,510.00","7,650.00","7,510.00",220.80K,0.13%
24/06/2021,"7,510.00","7,610.00","7,610.00","7,500.00",204.40K,-1.18%
23/06/2021,"7,600.00","7,660.00","7,770.00","7,580.00",267.60K,-0.78%
22/06/2021,"7,660.00","7,790.00","7,790.00","7,500.00",771.60K,-2.05%
21/06/2021,"7,820.00","7,900.00","8,000.00","7,800.00",314.10K,-1.26%
18/06/2021,"7,920.00","8,160.00","8,160.00","7,900.00",544.10K,-0.88%
17/06/2021,"7,990.00","7,700.00","8,000.00","7,700.00",442.50K,2.83%
16/06/2021,"7,770.00","7,500.00","7,830.00","7,500.00",371.50K,1.57%
15/06/2021,"7,650.00","7,500.00","7,700.00","7,500.00",462.20K,-0.65%
14/06/2021,"7,700.00","7,710.00","7,740.00","7,610.00",220.90K,-0.13%
11/6/2021,"7,710.00","7,570.00","7,790.00","7,570.00",214.30K,1.85%
10/6/2021,"7,570.00","7,660.00","7,800.00","7,500.00",268.20K,-1.17%
9/6/2021,"7,660.00","7,660.00","7,700.00","7,500.00",201.50K,0.00%
8/6/2021,"7,660.00","7,800.00","8,000.00","7,660.00",255.90K,-1.79%
7/6/2021,"7,800.00","8,140.00","8,140.00","7,700.00",250.40K,-4.18%
4/6/2021,"8,140.00","8,460.00","8,460.00","7,900.00",674.50K,2.91%
3/6/2021,"7,910.00","7,900.00","7,910.00","7,800.00",695.10K,6.89%
2/6/2021,"7,400.00","7,300.00","7,400.00","7,200.00",348.20K,2.49%
1/6/2021,"7,220.00","7,210.00","7,300.00","7,150.00",636.10K,-1.63%
31/05/2021,"7,340.00","7,500.00","7,500.00","7,100.00",559.60K,-1.61%
28/05/2021,"7,460.00","7,420.00","7,600.00","7,320.00",370.30K,0.13%
27/05/2021,"7,450.00","7,510.00","7,650.00","7,390.00",328.00K,-0.80%
26/05/2021,"7,510.00","7,680.00","7,690.00","7,480.00",430.20K,-2.21%
25/05/2021,"7,680.00","7,980.00","7,980.00","7,680.00",359.40K,-2.66%
24/05/2021,"7,890.00","7,780.00","8,000.00","7,700.00",335.00K,3.82%
21/05/2021,"7,600.00","7,500.00","7,800.00","7,350.00",534.10K,1.33%
20/05/2021,"7,500.00","7,600.00","7,750.00","7,470.00",507.30K,-1.32%
19/05/2021,"7,600.00","7,650.00","7,790.00","7,550.00",470.40K,-1.30%
18/05/2021,"7,700.00","7,850.00","7,870.00","7,700.00",494.90K,-1.91%
17/05/2021,"7,850.00","7,990.00","8,100.00","7,800.00",377.30K,-1.75%
14/05/2021,"7,990.00","8,120.00","8,200.00","7,990.00",423.70K,-1.84%
13/05/2021,"8,140.00","8,090.00","8,250.00","8,040.00",474.50K,1.37%
12/5/2021,"8,030.00","7,970.00","8,200.00","7,950.00",265.70K,0.63%
11/5/2021,"7,980.00","7,900.00","8,160.00","7,890.00",756.40K,1.01%
10/5/2021,"7,900.00","7,700.00","8,000.00","7,690.00",581.50K,-0.88%
7/5/2021,"7,970.00","8,200.00","8,280.00","7,700.00",894.80K,-2.57%
6/5/2021,"8,180.00","7,860.00","8,300.00","7,860.00",1.32M,4.07%
5/5/2021,"7,860.00","7,650.00","8,000.00","7,650.00",524.20K,3.29%
4/5/2021,"7,610.00","7,500.00","7,890.00","7,500.00",769.90K,-4.88%
29/04/2021,"8,000.00","8,020.00","8,180.00","7,930.00",292.20K,-0.62%
28/04/2021,"8,050.00","7,940.00","8,210.00","7,850.00",358.40K,1.64%
27/04/2021,"7,920.00","7,720.00","7,940.00","7,710.00",295.50K,0.51%
26/04/2021,"7,880.00","8,250.00","8,260.00","7,870.00",509.00K,-4.37%
23/04/2021,"8,240.00","7,800.00","8,300.00","7,800.00",711.60K,3.26%
22/04/2021,"7,980.00","8,450.00","8,450.00","7,980.00",1.20M,-6.12%
20/04/2021,"8,500.00","8,840.00","8,840.00","8,330.00",746.50K,-3.85%
19/04/2021,"8,840.00","8,700.00","8,900.00","8,200.00",1.29M,1.61%
16/04/2021,"8,700.00","9,040.00","9,200.00","8,650.00",2.41M,-6.45%
15/04/2021,"9,300.00","9,800.00","10,000.00","9,300.00",1.52M,-5.01%
14/04/2021,"9,790.00","9,600.00","9,850.00","9,400.00",2.33M,-1.90%
13/04/2021,"9,980.00","10,800.00","10,800.00","9,800.00",1.61M,-4.04%
12/4/2021,"10,400.00","10,400.00","10,400.00","10,000.00",2.92M,7.00%
9/4/2021,"9,720.00","9,090.00","9,720.00","9,090.00",2.93M,6.93%
8/4/2021,"9,090.00","9,000.00","9,100.00","8,960.00",510.40K,1.56%
7/4/2021,"8,950.00","8,760.00","9,110.00","8,760.00",636.50K,0.56%
6/4/2021,"8,900.00","9,000.00","9,000.00","8,790.00",273.10K,-1.11%
5/4/2021,"9,000.00","9,100.00","9,100.00","8,880.00",451.20K,-0.55%
2/4/2021,"9,050.00","8,980.00","9,110.00","8,960.00",407.20K,0.78%
1/4/2021,"8,980.00","8,980.00","9,100.00","8,970.00",299.50K,0.00%
31/03/2021,"8,980.00","8,710.00","9,010.00","8,710.00",380.50K,-0.11%
30/03/2021,"8,990.00","9,050.00","9,100.00","8,950.00",364.50K,-0.66%
29/03/2021,"9,050.00","8,800.00","9,100.00","8,660.00",437.90K,4.62%
26/03/2021,"8,650.00","8,670.00","8,880.00","8,260.00",897.60K,-2.59%
25/03/2021,"8,880.00","8,900.00","9,000.00","8,800.00",377.30K,-0.22%
24/03/2021,"8,900.00","9,050.00","9,200.00","8,900.00",369.10K,-3.78%
23/03/2021,"9,250.00","9,490.00","9,490.00","9,200.00",391.30K,-1.60%
22/03/2021,"9,400.00","9,200.00","9,430.00","9,130.00",410.90K,2.17%
19/03/2021,"9,200.00","9,360.00","9,360.00","9,150.00",342.50K,-1.71%
18/03/2021,"9,360.00","9,350.00","9,400.00","9,260.00",265.00K,0.11%
17/03/2021,"9,350.00","9,360.00","9,540.00","9,300.00",415.20K,-1.58%
16/03/2021,"9,500.00","9,400.00","9,800.00","9,350.00",969.20K,1.39%
15/03/2021,"9,370.00","9,150.00","9,500.00","9,070.00",678.70K,2.40%
12/3/2021,"9,150.00","8,980.00","9,300.00","8,810.00",804.40K,1.89%
11/3/2021,"8,980.00","9,280.00","9,280.00","8,900.00",931.20K,-2.39%
10/3/2021,"9,200.00","9,200.00","9,300.00","9,130.00",722.20K,0.00%
9/3/2021,"9,200.00","9,200.00","9,300.00","8,820.00",742.60K,-1.50%
8/3/2021,"9,340.00","9,800.00","9,820.00","9,300.00",1.03M,-1.89%
5/3/2021,"9,520.00","9,400.00","9,670.00","9,320.00",1.44M,2.48%
4/3/2021,"9,290.00","9,950.00","9,950.00","9,200.00",2.54M,-0.85%
3/3/2021,"9,370.00","8,860.00","9,370.00","8,800.00",1.81M,6.96%
2/3/2021,"8,760.00","8,990.00","8,990.00","8,750.00",380.80K,-1.24%
1/3/2021,"8,870.00","9,000.00","9,000.00","8,620.00",585.50K,2.54%
26/02/2021,"8,650.00","8,220.00","8,780.00","8,200.00",478.40K,4.09%
25/02/2021,"8,310.00","8,800.00","8,850.00","8,310.00",501.70K,-6.10%
24/02/2021,"8,850.00","8,850.00","9,300.00","8,500.00",708.90K,-1.67%
23/02/2021,"9,000.00","9,390.00","9,390.00","8,880.00",1.81M,2.51%
22/02/2021,"8,780.00","8,780.00","8,780.00","8,580.00",558.60K,6.94%
19/02/2021,"8,210.00","7,680.00","8,210.00","7,650.00",548.70K,6.90%
18/02/2021,"7,680.00","7,480.00","7,750.00","7,420.00",507.60K,2.67%
17/02/2021,"7,480.00","7,300.00","7,500.00","7,300.00",266.00K,2.47%
9/2/2021,"7,300.00","7,390.00","7,390.00","7,000.00",175.80K,2.67%
8/2/2021,"7,110.00","7,630.00","7,640.00","7,090.00",288.60K,-6.45%
5/2/2021,"7,600.00","7,700.00","7,700.00","7,500.00",251.20K,0.00%
4/2/2021,"7,600.00","7,500.00","7,790.00","7,480.00",280.50K,1.33%
3/2/2021,"7,500.00","7,190.00","7,650.00","7,190.00",250.00K,4.31%
2/2/2021,"7,190.00","6,800.00","7,300.00","6,800.00",364.50K,0.28%
1/2/2021,"7,170.00","7,300.00","7,690.00","7,170.00",420.30K,-6.88%
29/01/2021,"7,700.00","6,880.00","7,900.00","6,880.00",1.00M,4.19%
28/01/2021,"7,390.00","7,800.00","8,100.00","7,390.00",875.10K,-6.93%
27/01/2021,"7,940.00","8,100.00","8,100.00","7,600.00",797.70K,-1.85%
26/01/2021,"8,090.00","8,400.00","8,420.00","7,850.00",572.20K,-3.92%
25/01/2021,"8,420.00","8,600.00","8,860.00","8,420.00",676.40K,-3.22%
22/01/2021,"8,700.00","8,800.00","8,890.00","8,420.00",904.70K,1.64%
21/01/2021,"8,560.00","8,000.00","8,560.00","7,980.00",832.20K,7.00%
20/01/2021,"8,000.00","8,460.00","8,500.00","7,870.00",763.00K,-5.44%
19/01/2021,"8,460.00","9,090.00","9,200.00","8,460.00",700.30K,-6.93%
18/01/2021,"9,090.00","9,050.00","9,250.00","9,000.00",971.10K,0.44%
15/01/2021,"9,050.00","8,800.00","9,180.00","8,800.00",1.23M,1.12%
14/01/2021,"8,950.00","9,120.00","9,120.00","8,920.00",1.08M,-1.86%
13/01/2021,"9,120.00","9,350.00","9,360.00","9,120.00",704.70K,-2.67%
12/1/2021,"9,370.00","9,400.00","9,400.00","9,280.00",656.60K,-0.11%
11/1/2021,"9,380.00","9,400.00","9,540.00","9,300.00",857.50K,0.86%
8/1/2021,"9,300.00","9,600.00","9,600.00","9,200.00",792.30K,1.64%
7/1/2021,"9,150.00","8,920.00","9,150.00","8,920.00",811.60K,2.58%
6/1/2021,"8,920.00","9,190.00","9,220.00","8,820.00",882.40K,-2.94%
5/1/2021,"9,190.00","9,150.00","9,250.00","9,140.00",611.30K,-0.11%
4/1/2021,"9,200.00","9,060.00","9,400.00","9,060.00",629.20K,1.55%
31/12/2020,"9,060.00","9,190.00","9,190.00","8,910.00",841.74K,0.22%
30/12/2020,"9,040.00","9,200.00","9,260.00","8,980.00",888.07K,0.22%
29/12/2020,"9,020.00","8,900.00","9,150.00","8,600.00",1.63M,0.33%
28/12/2020,"8,990.00","9,100.00","9,240.00","8,800.00",1.26M,-1.75%
25/12/2020,"9,150.00","9,550.00","9,550.00","9,060.00",1.04M,1.10%
24/12/2020,"9,050.00","9,090.00","9,090.00","7,920.00",3.24M,6.47%
23/12/2020,"8,500.00","8,500.00","8,500.00","8,500.00",260.19K,6.92%
22/12/2020,"7,950.00","7,950.00","7,950.00","7,950.00",280.50K,7.00%
21/12/2020,"7,430.00","7,430.00","7,430.00","7,430.00",381.73K,6.91%
18/12/2020,"6,950.00","7,040.00","7,100.00","6,900.00",972.83K,-1.28%
17/12/2020,"7,040.00","7,200.00","7,200.00","6,980.00",1.00M,-2.90%
16/12/2020,"7,250.00","7,300.00","7,300.00","7,000.00",694.06K,1.12%
15/12/2020,"7,170.00","7,300.00","7,300.00","7,130.00",1.10M,0.99%
14/12/2020,"7,100.00","6,800.00","7,160.00","6,780.00",1.39M,5.97%
11/12/2020,"6,700.00","6,700.00","6,780.00","6,530.00",457.08K,1.52%
10/12/2020,"6,600.00","6,800.00","6,940.00","6,600.00",907.28K,-5.44%
9/12/2020,"6,980.00","6,850.00","7,070.00","6,800.00",505.18K,-1.55%
8/12/2020,"7,090.00","6,700.00","7,130.00","6,700.00",1.32M,6.30%
7/12/2020,"6,670.00","6,250.00","6,670.00","6,250.00",1.92M,6.89%
4/12/2020,"6,240.00","6,190.00","6,300.00","6,100.00",490.52K,2.30%
3/12/2020,"6,100.00","6,050.00","6,170.00","6,050.00",177.16K,0.83%
2/12/2020,"6,050.00","6,150.00","6,150.00","6,030.00",201.67K,-1.63%
1/12/2020,"6,150.00","6,000.00","6,150.00","6,000.00",223.83K,0.33%
30/11/2020,"6,130.00","6,190.00","6,200.00","6,100.00",115.77K,-1.13%
27/11/2020,"6,200.00","6,100.00","6,200.00","5,950.00",256.74K,3.33%
26/11/2020,"6,000.00","5,950.00","6,090.00","5,930.00",332.90K,0.84%
25/11/2020,"5,950.00","6,040.00","6,100.00","5,950.00",355.06K,-2.62%
24/11/2020,"6,110.00","6,200.00","6,200.00","6,050.00",351.94K,-2.86%
23/11/2020,"6,290.00","6,460.00","6,460.00","6,210.00",834.25K,4.14%
20/11/2020,"6,040.00","5,650.00","6,040.00","5,600.00",394.45K,6.90%
19/11/2020,"5,650.00","5,720.00","5,720.00","5,630.00",255.87K,-1.22%
18/11/2020,"5,720.00","5,770.00","5,800.00","5,710.00",154.30K,-0.87%
17/11/2020,"5,770.00","5,820.00","5,820.00","5,760.00",218.13K,0.00%
16/11/2020,"5,770.00","5,820.00","5,900.00","5,760.00",128.76K,-0.86%
13/11/2020,"5,820.00","5,840.00","5,840.00","5,770.00",221.51K,0.00%
12/11/2020,"5,820.00","5,870.00","5,900.00","5,800.00",106.91K,-0.85%
11/11/2020,"5,870.00","5,870.00","5,950.00","5,800.00",54.44K,0.00%
10/11/2020,"5,870.00","6,000.00","6,020.00","5,860.00",129.12K,-1.34%
9/11/2020,"5,950.00","5,950.00","6,020.00","5,920.00",177.50K,0.00%
6/11/2020,"5,950.00","6,050.00","6,050.00","5,860.00",72.48K,-1.16%
5/11/2020,"6,020.00","5,850.00","6,100.00","5,850.00",153.40K,2.56%
4/11/2020,"5,870.00","5,690.00","5,870.00","5,690.00",159.71K,2.80%
3/11/2020,"5,710.00","5,630.00","5,750.00","5,630.00",116.25K,1.06%
2/11/2020,"5,650.00","5,650.00","5,690.00","5,620.00",115.57K,0.36%
30/10/2020,"5,630.00","5,700.00","5,710.00","5,630.00",120.91K,0.00%
29/10/2020,"5,630.00","5,460.00","5,880.00","5,460.00",196.65K,0.90%
28/10/2020,"5,580.00","5,800.00","5,800.00","5,570.00",234.43K,-3.79%
27/10/2020,"5,800.00","5,900.00","5,980.00","5,800.00",212.30K,-2.36%
26/10/2020,"5,940.00","5,950.00","6,050.00","5,940.00",129.74K,-0.17%
23/10/2020,"5,950.00","5,990.00","6,000.00","5,940.00",87.26K,0.34%
22/10/2020,"5,930.00","5,980.00","6,000.00","5,900.00",260.47K,-0.50%
21/10/2020,"5,960.00","6,050.00","6,080.00","5,960.00",302.10K,-1.16%
20/10/2020,"6,030.00","6,000.00","6,090.00","6,000.00",145.02K,0.33%
19/10/2020,"6,010.00","6,180.00","6,180.00","6,000.00",424.35K,-1.15%
16/10/2020,"6,080.00","6,150.00","6,170.00","6,040.00",266.25K,-1.30%
15/10/2020,"6,160.00","6,200.00","6,230.00","6,090.00",132.36K,-0.32%
14/10/2020,"6,180.00","6,000.00","6,440.00","6,000.00",309.94K,2.66%
13/10/2020,"6,020.00","6,120.00","6,120.00","6,000.00",385.81K,-1.63%
12/10/2020,"6,120.00","6,210.00","6,210.00","6,120.00",552.73K,-1.45%
9/10/2020,"6,210.00","6,210.00","6,300.00","6,180.00",337.42K,0.00%
8/10/2020,"6,210.00","6,320.00","6,340.00","6,210.00",412.26K,-1.74%
7/10/2020,"6,320.00","6,340.00","6,490.00","6,290.00",285.95K,-1.56%
6/10/2020,"6,420.00","6,530.00","6,530.00","6,380.00",208.56K,-0.16%
5/10/2020,"6,430.00","6,500.00","6,500.00","6,380.00",453.61K,0.78%
2/10/2020,"6,380.00","6,220.00","6,530.00","6,200.00",923.85K,2.57%
1/10/2020,"6,220.00","6,210.00","6,270.00","6,180.00",372.96K,0.16%
30/09/2020,"6,210.00","6,200.00","6,240.00","6,170.00",167.17K,0.16%
29/09/2020,"6,200.00","6,210.00","6,300.00","6,180.00",262.78K,-0.64%
28/09/2020,"6,240.00","6,160.00","6,240.00","6,110.00",286.79K,1.30%
25/09/2020,"6,160.00","6,230.00","6,230.00","6,120.00",273.99K,-1.12%
24/09/2020,"6,230.00","6,290.00","6,300.00","6,220.00",347.52K,-0.95%
23/09/2020,"6,290.00","6,280.00","6,340.00","6,240.00",465.56K,0.48%
22/09/2020,"6,260.00","6,300.00","6,380.00","6,240.00",264.34K,-1.57%
21/09/2020,"6,360.00","6,320.00","6,460.00","6,320.00",150.35K,-1.40%
18/09/2020,"6,450.00","6,100.00","6,450.00","6,100.00",306.91K,2.38%
17/09/2020,"6,300.00","6,450.00","6,450.00","6,270.00",260.36K,-1.56%
16/09/2020,"6,400.00","6,450.00","6,530.00","6,380.00",131.18K,-0.31%
15/09/2020,"6,420.00","6,380.00","6,490.00","6,380.00",269.14K,0.63%
14/09/2020,"6,380.00","6,430.00","6,480.00","6,300.00",419.99K,-0.78%
11/9/2020,"6,430.00","6,380.00","6,440.00","6,380.00",343.15K,0.78%
10/9/2020,"6,380.00","6,380.00","6,400.00","6,310.00",270.67K,1.11%
9/9/2020,"6,310.00","6,120.00","6,360.00","6,000.00",220.95K,3.27%
8/9/2020,"6,110.00","6,130.00","6,180.00","6,060.00",373.36K,-0.16%
7/9/2020,"6,120.00","6,120.00","6,370.00","6,120.00",483.12K,-2.70%
4/9/2020,"6,290.00","6,200.00","6,370.00","6,200.00",397.74K,-1.72%
3/9/2020,"6,400.00","6,400.00","6,500.00","6,390.00",297.99K,-0.62%
1/9/2020,"6,440.00","6,400.00","6,490.00","6,360.00",192.71K,0.63%
31/08/2020,"6,400.00","6,500.00","6,640.00","6,400.00",324.71K,-1.39%
28/08/2020,"6,490.00","6,500.00","6,800.00","6,400.00",808.17K,0.46%
27/08/2020,"6,460.00","6,470.00","6,480.00","6,340.00",279.76K,1.25%
26/08/2020,"6,380.00","6,350.00","6,520.00","6,260.00",323.19K,0.16%
25/08/2020,"6,370.00","6,420.00","6,480.00","6,330.00",507.77K,-2.90%
24/08/2020,"6,560.00","6,540.00","6,640.00","6,400.00",363.32K,0.31%
21/08/2020,"6,540.00","6,550.00","6,790.00","6,410.00",376.87K,2.19%
20/08/2020,"6,400.00","6,010.00","6,400.00","5,830.00",2.19M,6.84%
19/08/2020,"5,990.00","6,090.00","6,090.00","5,930.00",187.72K,2.39%
18/08/2020,"5,850.00","5,870.00","5,950.00","5,700.00",295.33K,-1.68%
17/08/2020,"5,950.00","6,050.00","6,070.00","5,880.00",143.31K,-1.65%
14/08/2020,"6,050.00","6,050.00","6,130.00","6,030.00",161.34K,-0.82%
13/08/2020,"6,100.00","6,170.00","6,170.00","6,050.00",149.85K,0.00%
12/8/2020,"6,100.00","6,130.00","6,130.00","6,020.00",108.77K,0.66%
11/8/2020,"6,060.00","6,190.00","6,190.00","6,060.00",79.52K,-0.66%
10/8/2020,"6,100.00","6,090.00","6,150.00","6,040.00",237.19K,0.83%
7/8/2020,"6,050.00","6,100.00","6,110.00","6,010.00",126.76K,0.50%
6/8/2020,"6,020.00","5,900.00","6,100.00","5,900.00",93.14K,-0.99%
5/8/2020,"6,080.00","6,100.00","6,100.00","5,950.00",301.85K,-0.82%
4/8/2020,"6,130.00","6,040.00","6,210.00","6,000.00",275.01K,3.90%
3/8/2020,"5,900.00","5,590.00","5,900.00","5,400.00",279.51K,5.55%
31/07/2020,"5,590.00","5,450.00","5,900.00","5,310.00",174.81K,0.36%
30/07/2020,"5,570.00","5,510.00","5,690.00","5,500.00",165.47K,-0.18%
29/07/2020,"5,580.00","5,610.00","5,900.00","5,580.00",252.18K,-7.00%
28/07/2020,"6,000.00","5,800.00","6,060.00","5,600.00",311.78K,3.27%
27/07/2020,"5,810.00","5,810.00","6,170.00","5,810.00",331.21K,-6.89%
24/07/2020,"6,240.00","6,400.00","6,500.00","6,240.00",612.90K,-6.87%
23/07/2020,"6,700.00","6,800.00","6,840.00","6,640.00",157.33K,-1.47%
22/07/2020,"6,800.00","6,890.00","6,910.00","6,800.00",112.17K,-1.16%
21/07/2020,"6,880.00","6,810.00","6,900.00","6,810.00",82.38K,-0.43%
20/07/2020,"6,910.00","6,850.00","6,950.00","6,790.00",186.89K,0.88%
17/07/2020,"6,850.00","6,800.00","7,020.00","6,800.00",120.45K,-2.14%
16/07/2020,"7,000.00","6,920.00","7,010.00","6,900.00",118.94K,0.00%
15/07/2020,"7,000.00","6,950.00","7,180.00","6,950.00",183.96K,-0.57%
14/07/2020,"7,040.00","7,050.00","7,100.00","6,860.00",349.07K,-0.14%
13/07/2020,"7,050.00","7,140.00","7,250.00","6,900.00",169.52K,-1.40%
10/7/2020,"7,150.00","7,010.00","7,300.00","7,010.00",217.09K,-2.85%
9/7/2020,"7,360.00","7,450.00","7,450.00","7,250.00",281.06K,1.94%
8/7/2020,"7,220.00","6,780.00","7,220.00","6,780.00",612.75K,6.96%
7/7/2020,"6,750.00","7,010.00","7,160.00","6,670.00",1.02M,-5.86%
6/7/2020,"7,170.00","7,380.00","7,380.00","7,000.00",561.77K,-1.10%
3/7/2020,"7,250.00","7,530.00","7,530.00","7,200.00",158.38K,-0.68%
2/7/2020,"7,300.00","7,580.00","7,580.00","7,100.00",215.06K,-1.75%
1/7/2020,"7,430.00","7,130.00","7,570.00","7,130.00",2.35M,-3.00%
30/06/2020,"7,660.00","7,500.00","7,750.00","7,390.00",259.27K,2.13%
29/06/2020,"7,500.00","7,990.00","7,990.00","7,500.00",404.11K,-6.13%
26/06/2020,"7,990.00","8,210.00","8,390.00","7,800.00",198.42K,-3.15%
25/06/2020,"8,250.00","7,810.00","8,300.00","7,800.00",316.71K,1.23%
24/06/2020,"8,150.00","8,110.00","8,550.00","8,110.00",459.89K,-0.61%
23/06/2020,"8,200.00","8,300.00","8,500.00","8,100.00",456.39K,-1.80%
22/06/2020,"8,350.00","8,800.00","8,800.00","8,350.00",1.06M,1.46%
19/06/2020,"8,230.00","7,800.00","8,230.00","7,770.00",523.79K,6.88%
18/06/2020,"7,700.00","7,380.00","7,750.00","7,380.00",398.85K,1.58%
17/06/2020,"7,580.00","7,400.00","7,890.00","7,400.00",286.45K,0.00%
16/06/2020,"7,580.00","7,350.00","7,600.00","7,260.00",416.87K,3.13%
15/06/2020,"7,350.00","7,750.00","7,900.00","7,350.00",1.22M,-6.96%
12/6/2020,"7,900.00","7,720.00","8,100.00","7,710.00",1.42M,-4.59%
11/6/2020,"8,280.00","8,930.00","9,300.00","8,280.00",929.64K,-6.97%
10/6/2020,"8,900.00","8,400.00","8,980.00","8,270.00",840.83K,5.83%
9/6/2020,"8,410.00","8,510.00","8,800.00","8,380.00",955.14K,-5.51%
8/6/2020,"8,900.00","8,790.00","9,140.00","8,540.00",1.08M,4.09%
5/6/2020,"8,550.00","8,230.00","8,610.00","8,000.00",1.02M,3.89%
4/6/2020,"8,230.00","7,850.00","8,230.00","7,750.00",1.45M,6.88%
3/6/2020,"7,700.00","7,560.00","7,780.00","7,560.00",381.04K,1.32%
2/6/2020,"7,600.00","7,850.00","7,900.00","7,580.00",490.39K,-0.65%
1/6/2020,"7,650.00","7,500.00","7,730.00","7,500.00",476.42K,1.46%
29/05/2020,"7,540.00","7,630.00","7,740.00","7,430.00",311.43K,-1.18%
28/05/2020,"7,630.00","7,500.00","7,800.00","7,380.00",535.14K,3.53%
27/05/2020,"7,370.00","8,000.00","8,040.00","7,370.00",677.26K,-6.94%
26/05/2020,"7,920.00","7,810.00","8,060.00","7,810.00",649.71K,1.41%
25/05/2020,"7,810.00","7,800.00","7,940.00","7,700.00",418.88K,0.39%
22/05/2020,"7,780.00","8,000.00","8,100.00","7,780.00",593.14K,-2.75%
21/05/2020,"8,000.00","8,050.00","8,100.00","7,960.00",340.23K,-0.62%
20/05/2020,"8,050.00","8,150.00","8,150.00","7,900.00",345.64K,2.42%
19/05/2020,"7,860.00","7,950.00","8,230.00","7,700.00",1.14M,1.42%
18/05/2020,"7,750.00","7,900.00","7,900.00","7,690.00",1.08M,-2.76%
15/05/2020,"7,970.00","8,170.00","8,380.00","7,940.00",411.51K,-2.57%
14/05/2020,"8,180.00","8,090.00","8,380.00","7,900.00",686.98K,2.25%
13/05/2020,"8,000.00","7,850.00","8,200.00","7,740.00",779.56K,0.63%
12/5/2020,"7,950.00","7,950.00","7,950.00","7,700.00",697.61K,0.00%
11/5/2020,"7,950.00","7,630.00","8,100.00","7,600.00",523.02K,3.92%
8/5/2020,"7,650.00","7,900.00","7,990.00","7,600.00",730.45K,-2.17%
7/5/2020,"7,820.00","8,350.00","8,350.00","7,820.00",1.41M,0.13%
6/5/2020,"7,810.00","7,490.00","7,810.00","7,490.00",757.22K,6.99%
5/5/2020,"7,300.00","7,200.00","7,440.00","7,190.00",402.81K,1.39%
4/5/2020,"7,200.00","7,590.00","7,590.00","7,200.00",1.18M,1.41%
29/04/2020,"7,100.00","7,200.00","7,600.00","7,100.00",690.73K,-6.58%
28/04/2020,"7,600.00","8,200.00","8,240.00","7,200.00",1.10M,-1.43%
27/04/2020,"7,710.00","7,600.00","7,710.00","7,500.00",467.19K,6.93%
24/04/2020,"7,210.00","6,990.00","7,210.00","6,600.00",1.13M,6.97%
23/04/2020,"6,740.00","6,740.00","6,740.00","6,400.00",1.36M,6.98%
22/04/2020,"6,300.00","5,890.00","6,300.00","5,880.00",508.60K,6.96%
21/04/2020,"5,890.00","5,950.00","6,200.00","5,700.00",543.80K,-3.13%
20/04/2020,"6,080.00","6,200.00","6,250.00","5,850.00",312.51K,-1.94%
17/04/2020,"6,200.00","6,250.00","6,320.00","6,180.00",509.11K,-2.36%
16/04/2020,"6,350.00","6,070.00","6,480.00","6,070.00",645.59K,4.61%
15/04/2020,"6,070.00","5,680.00","6,070.00","5,680.00",672.60K,6.87%
14/04/2020,"5,680.00","5,690.00","5,690.00","5,450.00",541.23K,0.00%
13/04/2020,"5,680.00","6,030.00","6,030.00","5,650.00",558.38K,-5.49%
10/4/2020,"6,010.00","6,100.00","6,290.00","6,010.00",1.13M,-6.97%
9/4/2020,"6,460.00","6,500.00","6,500.00","6,150.00",493.08K,4.53%
8/4/2020,"6,180.00","5,840.00","6,190.00","5,400.00",701.19K,6.74%
7/4/2020,"5,790.00","5,450.00","5,800.00","5,400.00",1.94M,-0.17%
6/4/2020,"5,800.00","6,520.00","6,520.00","5,710.00",1.93M,-4.92%
3/4/2020,"6,100.00","6,100.00","6,100.00","6,100.00",255.30K,6.83%
1/4/2020,"5,710.00","4,970.00","5,710.00","4,970.00",2.82M,6.93%
31/03/2020,"5,340.00","5,340.00","5,340.00","5,340.00",183.76K,-6.97%
30/03/2020,"5,740.00","5,740.00","5,740.00","5,740.00",20.10K,-6.97%
27/03/2020,"6,170.00","6,170.00","6,170.00","6,170.00",10.75K,-6.94%
26/03/2020,"6,630.00","6,630.00","6,630.00","6,630.00",18.54K,-6.88%
25/03/2020,"7,120.00","7,120.00","7,120.00","7,120.00",32.08K,-6.93%
24/03/2020,"7,650.00","7,650.00","7,650.00","7,650.00",11.18K,-6.93%
23/03/2020,"8,220.00","8,220.00","8,220.00","8,220.00",17.00K,-6.91%
20/03/2020,"8,830.00","8,830.00","8,830.00","8,830.00",11.37K,-6.95%
19/03/2020,"9,490.00","10,900.00","10,900.00","9,490.00",2.14M,-6.96%
18/03/2020,"10,200.00","10,200.00","10,200.00","10,200.00",1.14M,6.92%
17/03/2020,"9,540.00","9,540.00","9,540.00","9,540.00",320.04K,6.95%
16/03/2020,"8,920.00","8,920.00","8,920.00","8,920.00",873.57K,6.95%
13/03/2020,"8,340.00","8,340.00","8,340.00","8,340.00",255.33K,6.92%
12/3/2020,"7,800.00","7,790.00","7,800.00","7,500.00",1.23M,7.00%
11/3/2020,"7,290.00","7,290.00","7,290.00","7,200.00",2.08M,6.89%
10/3/2020,"6,820.00","6,800.00","6,820.00","6,790.00",1.31M,6.90%
9/3/2020,"6,380.00","5,970.00","6,380.00","5,900.00",2.09M,6.87%
6/3/2020,"5,970.00","5,970.00","5,970.00","5,650.00",4.05M,6.99%
5/3/2020,"5,580.00","5,580.00","5,580.00","5,580.00",308.10K,6.90%
4/3/2020,"5,220.00","5,220.00","5,220.00","5,220.00",62.08K,6.97%
3/3/2020,"4,880.00","4,880.00","4,880.00","4,880.00",60.96K,6.78%
2/3/2020,"4,570.00","4,570.00","4,570.00","4,570.00",169.36K,6.78%
28/02/2020,"4,280.00","4,280.00","4,280.00","4,240.00",293.59K,7.00%
27/02/2020,"4,000.00","3,840.00","4,000.00","3,700.00",329.24K,6.95%
26/02/2020,"3,740.00","3,610.00","3,810.00","3,610.00",36.56K,1.08%
25/02/2020,"3,700.00","3,670.00","3,740.00","3,570.00",140.29K,3.64%
24/02/2020,"3,570.00","3,730.00","3,730.00","3,560.00",106.84K,-4.55%
21/02/2020,"3,740.00","3,840.00","3,840.00","3,600.00",55.25K,-0.27%
20/02/2020,"3,750.00","3,790.00","3,790.00","3,710.00",23.33K,0.00%
19/02/2020,"3,750.00","3,680.00","3,750.00","3,650.00",65.01K,3.31%
18/02/2020,"3,630.00","3,640.00","3,680.00","3,600.00",68.13K,0.83%
17/02/2020,"3,600.00","3,540.00","3,700.00","3,540.00",66.89K,-1.10%
14/02/2020,"3,640.00","3,640.00","3,700.00","3,590.00",30.16K,1.11%
13/02/2020,"3,600.00","3,630.00","3,650.00","3,570.00",35.45K,-0.83%
12/2/2020,"3,630.00","3,580.00","3,650.00","3,550.00",25.66K,0.83%
11/2/2020,"3,600.00","3,740.00","3,740.00","3,520.00",10.35K,2.27%
10/2/2020,"3,520.00","3,510.00","3,600.00","3,510.00",14.41K,-0.85%
7/2/2020,"3,550.00","3,670.00","3,670.00","3,550.00",145.04K,-3.01%
6/2/2020,"3,660.00","3,570.00","3,690.00","3,550.00",129.03K,2.52%
5/2/2020,"3,570.00","3,730.00","3,730.00","3,500.00",24.58K,2.00%
4/2/2020,"3,500.00","3,580.00","3,580.00","3,450.00",31.63K,-2.23%
3/2/2020,"3,580.00","3,700.00","3,700.00","3,450.00",111.64K,-3.24%
31/01/2020,"3,700.00","3,780.00","3,780.00","3,690.00",157.38K,-2.12%
30/01/2020,"3,780.00","3,800.00","3,800.00","3,690.00",52.55K,-0.53%
22/01/2020,"3,800.00","3,750.00","3,800.00","3,750.00",37.21K,2.15%
21/01/2020,"3,720.00","3,700.00","3,740.00","3,680.00",47.92K,0.54%
20/01/2020,"3,700.00","3,740.00","3,740.00","3,650.00",6.77K,0.00%
17/01/2020,"3,700.00","3,850.00","3,850.00","3,700.00",53.40K,-1.33%
16/01/2020,"3,750.00","3,880.00","3,990.00","3,750.00",72.87K,-3.60%
15/01/2020,"3,890.00","3,720.00","3,950.00","3,650.00",40.86K,5.14%
14/01/2020,"3,700.00","3,650.00","3,710.00","3,550.00",51.89K,1.37%
13/01/2020,"3,650.00","3,710.00","3,710.00","3,630.00",86.19K,-1.08%
10/1/2020,"3,690.00","3,690.00","3,700.00","3,610.00",74.33K,0.27%
9/1/2020,"3,680.00","3,770.00","3,770.00","3,530.00",35.73K,1.94%
8/1/2020,"3,610.00","3,740.00","3,740.00","3,600.00",99.99K,-2.17%
7/1/2020,"3,690.00","3,850.00","3,850.00","3,590.00",282.93K,-4.16%
6/1/2020,"3,850.00","3,930.00","3,930.00","3,850.00",92.13K,-2.04%
3/1/2020,"3,930.00","3,990.00","3,990.00","3,920.00",162.27K,-1.50%
2/1/2020,"3,990.00","3,980.00","4,000.00","3,940.00",67.95K,0.25%
31/12/2019,"3,980.00","4,080.00","4,080.00","3,950.00",71.89K,-1.00%
30/12/2019,"4,020.00","4,060.00","4,080.00","4,000.00",80.12K,-1.95%
27/12/2019,"4,100.00","4,080.00","4,100.00","4,060.00",38.42K,0.49%
26/12/2019,"4,080.00","4,120.00","4,150.00","4,080.00",112.98K,-0.97%
25/12/2019,"4,120.00","4,070.00","4,120.00","4,060.00",69.03K,1.48%
24/12/2019,"4,060.00","4,150.00","4,170.00","4,060.00",73.72K,-1.93%
23/12/2019,"4,140.00","4,100.00","4,150.00","4,100.00",58.19K,0.98%
20/12/2019,"4,100.00","4,190.00","4,190.00","4,030.00",187.79K,-0.24%
19/12/2019,"4,110.00","4,100.00","4,150.00","4,100.00",57.97K,-0.24%
18/12/2019,"4,120.00","4,240.00","4,280.00","4,120.00",105.91K,-3.74%
17/12/2019,"4,280.00","4,200.00","4,400.00","4,200.00",101.75K,2.39%
16/12/2019,"4,180.00","4,170.00","4,180.00","4,130.00",84.15K,0.24%
13/12/2019,"4,170.00","4,160.00","4,180.00","4,130.00",184.72K,-0.24%
12/12/2019,"4,180.00","4,150.00","4,220.00","4,150.00",107.97K,0.24%
11/12/2019,"4,170.00","4,270.00","4,270.00","4,130.00",88.46K,-1.42%
10/12/2019,"4,230.00","4,290.00","4,290.00","4,200.00",244.79K,0.24%
9/12/2019,"4,220.00","4,190.00","4,290.00","4,180.00",231.47K,0.96%
6/12/2019,"4,180.00","4,140.00","4,280.00","4,130.00",80.17K,0.24%
5/12/2019,"4,170.00","4,390.00","4,390.00","4,150.00",85.01K,0.00%
4/12/2019,"4,170.00","4,110.00","4,200.00","4,110.00",148.69K,-1.88%
3/12/2019,"4,250.00","4,300.00","4,300.00","4,190.00",202.61K,-1.16%
2/12/2019,"4,300.00","4,390.00","4,390.00","4,250.00",79.84K,-1.15%
29/11/2019,"4,350.00","4,300.00","4,380.00","4,300.00",107.27K,-0.91%
28/11/2019,"4,390.00","4,430.00","4,430.00","4,300.00",92.45K,0.00%
27/11/2019,"4,390.00","4,400.00","4,400.00","4,370.00",111.62K,0.46%
26/11/2019,"4,370.00","4,160.00","4,470.00","4,160.00",134.30K,0.00%
25/11/2019,"4,370.00","4,380.00","4,410.00","4,370.00",82.95K,-0.23%
22/11/2019,"4,380.00","4,400.00","4,490.00","4,380.00",99.86K,-0.45%
21/11/2019,"4,400.00","4,450.00","4,450.00","4,400.00",62.99K,-1.57%
20/11/2019,"4,470.00","4,480.00","4,500.00","4,380.00",50.14K,-0.22%
19/11/2019,"4,480.00","4,400.00","4,480.00","4,390.00",54.34K,1.82%
18/11/2019,"4,400.00","4,440.00","4,450.00","4,400.00",77.49K,-1.35%
15/11/2019,"4,460.00","4,520.00","4,520.00","4,460.00",33.05K,-0.45%
14/11/2019,"4,480.00","4,520.00","4,530.00","4,430.00",47.24K,-1.10%
13/11/2019,"4,530.00","4,500.00","4,530.00","4,450.00",144.78K,0.67%
12/11/2019,"4,500.00","4,560.00","4,560.00","4,480.00",100.90K,-0.22%
11/11/2019,"4,510.00","4,590.00","4,590.00","4,470.00",90.89K,-0.66%
8/11/2019,"4,540.00","4,500.00","4,560.00","4,500.00",97.84K,-0.22%
7/11/2019,"4,550.00","4,600.00","4,600.00","4,500.00",125.05K,0.00%
6/11/2019,"4,550.00","4,550.00","4,610.00","4,500.00",97.38K,-0.22%
5/11/2019,"4,560.00","4,580.00","4,590.00","4,500.00",156.94K,-0.44%
4/11/2019,"4,580.00","4,590.00","4,660.00","4,570.00",82.10K,-1.51%
1/11/2019,"4,650.00","4,670.00","4,670.00","4,570.00",51.24K,-0.43%
31/10/2019,"4,670.00","4,880.00","4,880.00","4,600.00",316.58K,2.19%
30/10/2019,"4,570.00","4,520.00","4,620.00","4,520.00",62.21K,-0.44%
29/10/2019,"4,590.00","4,640.00","4,640.00","4,540.00",137.80K,0.00%
28/10/2019,"4,590.00","4,650.00","4,690.00","4,570.00",80.61K,-0.22%
25/10/2019,"4,600.00","4,560.00","4,610.00","4,550.00",125.85K,0.66%
24/10/2019,"4,570.00","4,600.00","4,630.00","4,570.00",205.07K,-0.65%
23/10/2019,"4,600.00","4,660.00","4,660.00","4,540.00",43.27K,-1.29%
22/10/2019,"4,660.00","4,610.00","4,700.00","4,600.00",201.68K,-1.27%
21/10/2019,"4,720.00","4,700.00","4,750.00","4,620.00",206.71K,0.43%
18/10/2019,"4,700.00","4,800.00","4,810.00","4,630.00",252.87K,-1.47%
17/10/2019,"4,770.00","4,700.00","4,900.00","4,700.00",531.03K,1.49%
16/10/2019,"4,700.00","4,700.00","4,850.00","4,620.00",110.66K,0.00%
15/10/2019,"4,700.00","4,780.00","4,960.00","4,690.00",370.69K,-0.84%
14/10/2019,"4,740.00","4,660.00","4,800.00","4,650.00",118.61K,0.21%
11/10/2019,"4,730.00","4,790.00","4,790.00","4,550.00",107.12K,1.72%
10/10/2019,"4,650.00","5,000.00","5,000.00","4,650.00",372.89K,-2.31%
9/10/2019,"4,760.00","4,440.00","4,760.00","4,440.00",626.34K,6.97%
8/10/2019,"4,450.00","4,500.00","4,500.00","4,420.00",51.87K,0.00%
7/10/2019,"4,450.00","4,500.00","4,540.00","4,450.00",130.60K,-0.89%
4/10/2019,"4,490.00","4,490.00","4,550.00","4,480.00",84.29K,0.00%
3/10/2019,"4,490.00","4,500.00","4,540.00","4,490.00",111.80K,-1.10%
2/10/2019,"4,540.00","4,550.00","4,580.00","4,500.00",211.73K,0.89%
1/10/2019,"4,500.00","4,580.00","4,600.00","4,480.00",123.32K,-0.66%
30/09/2019,"4,530.00","4,580.00","4,580.00","4,510.00",1.36M,-1.52%
27/09/2019,"4,600.00","4,640.00","4,640.00","4,550.00",6.91K,0.00%
26/09/2019,"4,600.00","4,460.00","4,600.00","4,450.00",75.07K,3.14%
25/09/2019,"4,460.00","4,500.00","4,580.00","4,460.00",223.90K,-1.98%
24/09/2019,"4,550.00","4,550.00","4,600.00","4,500.00",136.89K,0.00%
23/09/2019,"4,550.00","4,750.00","4,750.00","4,530.00",141.64K,-1.30%
20/09/2019,"4,610.00","4,710.00","4,710.00","4,610.00",182.48K,-2.74%
19/09/2019,"4,740.00","4,690.00","4,790.00","4,650.00",127.44K,1.07%
18/09/2019,"4,690.00","4,640.00","4,700.00","4,540.00",287.48K,1.96%
17/09/2019,"4,600.00","4,640.00","4,640.00","4,580.00",110.39K,0.00%
16/09/2019,"4,600.00","4,640.00","4,640.00","4,580.00",77.06K,0.00%
13/09/2019,"4,600.00","4,590.00","4,640.00","4,560.00",37.61K,0.22%
12/9/2019,"4,590.00","4,620.00","4,620.00","4,580.00",68.37K,-0.65%
11/9/2019,"4,620.00","4,530.00","4,640.00","4,520.00",194.35K,1.99%
10/9/2019,"4,530.00","4,570.00","4,650.00","4,530.00",92.21K,-1.74%
9/9/2019,"4,610.00","4,610.00","4,700.00","4,600.00",143.16K,-0.86%
6/9/2019,"4,650.00","4,600.00","4,700.00","4,570.00",79.60K,1.53%
5/9/2019,"4,580.00","4,600.00","4,670.00","4,570.00",185.98K,-0.87%
4/9/2019,"4,620.00","4,710.00","4,730.00","4,610.00",144.95K,-2.33%
3/9/2019,"4,730.00","4,880.00","4,960.00","4,730.00",157.28K,-3.07%
30/08/2019,"4,880.00","4,600.00","4,910.00","4,550.00",534.05K,6.32%
29/08/2019,"4,590.00","4,570.00","4,640.00","4,570.00",53.07K,-1.08%
28/08/2019,"4,640.00","4,680.00","4,680.00","4,530.00",53.69K,0.00%
27/08/2019,"4,640.00","4,590.00","4,700.00","4,480.00",194.66K,3.11%
26/08/2019,"4,500.00","4,660.00","4,660.00","4,500.00",106.78K,-3.43%
23/08/2019,"4,660.00","4,660.00","4,660.00","4,580.00",108.93K,1.08%
22/08/2019,"4,610.00","4,750.00","4,800.00","4,520.00",255.67K,-0.86%
21/08/2019,"4,650.00","4,750.00","4,800.00","4,650.00",257.76K,-1.90%
20/08/2019,"4,740.00","4,700.00","4,890.00","4,700.00",193.10K,-0.63%
19/08/2019,"4,770.00","4,980.00","4,980.00","4,750.00",206.72K,-4.22%
16/08/2019,"4,980.00","5,030.00","5,100.00","4,790.00",41.34K,-0.80%
15/08/2019,"5,020.00","4,750.00","5,080.00","4,750.00",592.17K,5.68%
14/08/2019,"4,750.00","4,440.00","4,750.00","4,440.00",449.81K,6.98%
13/08/2019,"4,440.00","4,420.00","4,470.00","4,420.00",78.45K,-0.22%
12/8/2019,"4,450.00","4,420.00","4,480.00","4,420.00",52.01K,-0.45%
9/8/2019,"4,470.00","4,420.00","4,490.00","4,420.00",104.13K,0.00%
8/8/2019,"4,470.00","4,480.00","4,480.00","4,410.00",108.06K,0.00%
7/8/2019,"4,470.00","4,380.00","4,490.00","4,380.00",176.65K,0.45%
6/8/2019,"4,450.00","4,410.00","4,450.00","4,350.00",158.67K,-1.98%
5/8/2019,"4,540.00","4,560.00","4,560.00","4,450.00",134.85K,-0.44%
2/8/2019,"4,560.00","4,560.00","4,600.00","4,500.00",67.11K,0.00%
1/8/2019,"4,560.00","4,550.00","4,690.00","4,540.00",310.72K,1.33%
31/07/2019,"4,500.00","4,320.00","4,500.00","4,320.00",191.92K,2.27%
30/07/2019,"4,400.00","4,400.00","4,490.00","4,400.00",76.78K,0.23%
29/07/2019,"4,390.00","4,440.00","4,440.00","4,320.00",50.76K,1.62%
26/07/2019,"4,320.00","4,390.00","4,400.00","4,300.00",139.41K,-2.04%
25/07/2019,"4,410.00","4,430.00","4,500.00","4,400.00",191.77K,-1.34%
24/07/2019,"4,470.00","4,470.00","4,580.00","4,400.00",146.77K,-2.19%
23/07/2019,"4,570.00","4,580.00","4,580.00","4,480.00",186.19K,0.22%
22/07/2019,"4,560.00","4,500.00","4,580.00","4,480.00",115.14K,1.11%
19/07/2019,"4,510.00","4,600.00","4,600.00","4,510.00",72.23K,-2.38%
18/07/2019,"4,620.00","4,520.00","4,620.00","4,520.00",201.29K,0.65%
17/07/2019,"4,590.00","4,680.00","4,680.00","4,550.00",100.09K,-0.22%
16/07/2019,"4,600.00","4,400.00","4,630.00","4,350.00",263.17K,4.55%
15/07/2019,"4,400.00","4,370.00","4,400.00","4,340.00",105.66K,0.92%
12/7/2019,"4,360.00","4,440.00","4,440.00","4,360.00",92.29K,-0.91%
11/7/2019,"4,400.00","4,400.00","4,410.00","4,370.00",79.66K,0.00%
10/7/2019,"4,400.00","4,420.00","4,420.00","4,370.00",106.66K,0.46%
9/7/2019,"4,380.00","4,450.00","4,450.00","4,360.00",157.09K,0.00%
8/7/2019,"4,380.00","4,360.00","4,400.00","4,320.00",119.53K,0.46%
5/7/2019,"4,360.00","4,410.00","4,490.00","4,340.00",323.57K,-2.68%
4/7/2019,"4,480.00","4,450.00","4,510.00","4,400.00",166.06K,2.05%
3/7/2019,"4,390.00","4,490.00","4,500.00","4,320.00",260.17K,-2.23%
2/7/2019,"4,490.00","4,570.00","4,640.00","4,490.00",212.24K,-1.75%
1/7/2019,"4,570.00","4,770.00","4,770.00","4,560.00",38.31K,0.88%
28/06/2019,"4,530.00","4,550.00","4,840.00","4,500.00",153.14K,-1.52%
27/06/2019,"4,600.00","4,700.00","4,700.00","4,600.00",299.51K,-2.13%
26/06/2019,"4,700.00","4,830.00","4,830.00","4,700.00",226.72K,-1.26%
25/06/2019,"4,760.00","4,760.00","4,900.00","4,750.00",134.97K,-0.63%
24/06/2019,"4,790.00","4,840.00","4,840.00","4,790.00",273.18K,-1.03%
21/06/2019,"4,840.00","4,970.00","4,970.00","4,840.00",140.78K,-0.82%
20/06/2019,"4,880.00","4,850.00","4,950.00","4,850.00",69.45K,0.62%
19/06/2019,"4,850.00","5,000.00","5,000.00","4,850.00",113.30K,0.00%
18/06/2019,"4,850.00","4,860.00","4,900.00","4,840.00",147.26K,-0.21%
17/06/2019,"4,860.00","4,860.00","4,900.00","4,860.00",234.10K,-0.82%
14/06/2019,"4,900.00","5,100.00","5,100.00","4,900.00",168.15K,-1.61%
13/06/2019,"4,980.00","5,050.00","5,150.00","4,980.00",124.32K,-1.39%
12/6/2019,"5,050.00","4,990.00","5,140.00","4,860.00",617.16K,1.20%
11/6/2019,"4,990.00","5,070.00","5,070.00","4,900.00",317.32K,-1.58%
10/6/2019,"5,070.00","5,050.00","5,120.00","4,950.00",726.94K,0.40%
7/6/2019,"5,050.00","4,900.00","5,050.00","4,700.00",839.78K,3.06%
6/6/2019,"4,900.00","4,900.00","4,900.00","4,810.00",249.70K,0.00%
5/6/2019,"4,900.00","4,960.00","4,960.00","4,810.00",724.71K,-1.21%
4/6/2019,"4,960.00","5,130.00","5,130.00","4,950.00",479.89K,-3.31%
3/6/2019,"5,130.00","5,150.00","5,150.00","4,900.00",440.02K,-0.39%
31/05/2019,"5,150.00","5,170.00","5,200.00","5,070.00",364.16K,0.00%
30/05/2019,"5,150.00","5,140.00","5,150.00","5,070.00",579.34K,0.19%
29/05/2019,"5,140.00","5,150.00","5,160.00","5,060.00",545.90K,0.00%
28/05/2019,"5,140.00","5,140.00","5,140.00","5,060.00",412.38K,0.00%
27/05/2019,"5,140.00","5,150.00","5,200.00","5,050.00",437.05K,-0.19%
24/05/2019,"5,150.00","5,090.00","5,150.00","5,000.00",659.33K,1.18%
23/05/2019,"5,090.00","5,220.00","5,230.00","5,090.00",1.09M,-2.49%
22/05/2019,"5,220.00","5,300.00","5,330.00","5,210.00",715.15K,-1.51%
21/05/2019,"5,300.00","5,350.00","5,350.00","5,200.00",495.93K,-0.93%
20/05/2019,"5,350.00","5,370.00","5,420.00","5,150.00",1.49M,-0.37%
17/05/2019,"5,370.00","5,420.00","5,500.00","5,200.00",1.10M,-0.56%
16/05/2019,"5,400.00","5,340.00","5,550.00","5,300.00",746.69K,1.89%
15/05/2019,"5,300.00","4,960.00","5,300.00","4,800.00",1.85M,6.85%
14/05/2019,"4,960.00","4,960.00","4,960.00","4,850.00",444.44K,0.00%
13/05/2019,"4,960.00","4,950.00","4,990.00","4,850.00",553.65K,0.40%
10/5/2019,"4,940.00","5,050.00","5,050.00","4,850.00",588.64K,-0.20%
9/5/2019,"4,950.00","5,050.00","5,150.00","4,950.00",524.16K,-2.94%
8/5/2019,"5,100.00","5,100.00","5,170.00","5,030.00",259.06K,-1.73%
7/5/2019,"5,190.00","5,150.00","5,200.00","5,070.00",394.32K,1.76%
6/5/2019,"5,100.00","5,130.00","5,200.00","5,000.00",379.43K,-2.86%
3/5/2019,"5,250.00","5,200.00","5,280.00","5,130.00",571.34K,-0.94%
2/5/2019,"5,300.00","5,250.00","5,350.00","5,170.00",675.56K,1.15%
26/04/2019,"5,240.00","5,390.00","5,390.00","5,210.00",833.41K,-2.06%
25/04/2019,"5,350.00","5,400.00","5,460.00","5,310.00",784.07K,-0.93%
24/04/2019,"5,400.00","5,490.00","5,490.00","5,300.00",692.90K,-0.92%
23/04/2019,"5,450.00","5,300.00","5,550.00","5,300.00",426.25K,3.42%
22/04/2019,"5,270.00","5,400.00","5,400.00","5,250.00",627.36K,-4.18%
19/04/2019,"5,500.00","5,300.00","5,620.00","5,290.00",774.12K,3.97%
18/04/2019,"5,290.00","5,500.00","5,500.00","5,290.00",870.45K,-4.68%
17/04/2019,"5,550.00","5,800.00","5,800.00","5,550.00",1.61M,-6.88%
16/04/2019,"5,960.00","6,160.00","6,160.00","5,960.00",1.41M,-6.88%
12/4/2019,"6,400.00","6,400.00","6,750.00","6,370.00",1.92M,0.63%
11/4/2019,"6,360.00","6,000.00","6,360.00","6,000.00",2.61M,6.89%
10/4/2019,"5,950.00","6,000.00","6,050.00","5,810.00",1.21M,-0.83%
9/4/2019,"6,000.00","6,000.00","6,160.00","5,800.00",2.43M,4.17%
8/4/2019,"5,760.00","5,390.00","5,760.00","5,390.00",844.00K,6.86%
5/4/2019,"5,390.00","5,450.00","5,470.00","5,300.00",168.69K,0.00%
4/4/2019,"5,390.00","5,300.00","5,420.00","5,270.00",341.81K,1.70%
3/4/2019,"5,300.00","5,400.00","5,400.00","5,290.00",444.68K,-3.28%
2/4/2019,"5,480.00","5,510.00","5,600.00","5,480.00",242.33K,-0.54%
1/4/2019,"5,510.00","5,450.00","5,520.00","5,450.00",564.28K,2.23%
29/03/2019,"5,390.00","5,250.00","5,550.00","5,110.00",1.53M,2.67%
28/03/2019,"5,250.00","5,220.00","5,270.00","5,120.00",609.13K,0.57%
27/03/2019,"5,220.00","5,230.00","5,250.00","5,110.00",763.43K,-0.19%
26/03/2019,"5,230.00","5,200.00","5,290.00","5,110.00",786.21K,0.38%
25/03/2019,"5,210.00","5,160.00","5,290.00","5,110.00",1.09M,-1.51%
22/03/2019,"5,290.00","5,290.00","5,300.00","5,110.00",624.01K,0.00%
21/03/2019,"5,290.00","5,350.00","5,400.00","5,150.00",800.84K,-0.19%
20/03/2019,"5,300.00","5,310.00","5,400.00","5,110.00",853.73K,-0.19%
19/03/2019,"5,310.00","5,640.00","5,700.00","5,280.00",1.03M,-5.18%
18/03/2019,"5,600.00","5,900.00","5,900.00","5,600.00",972.24K,-5.25%
15/03/2019,"5,910.00","6,000.00","6,100.00","5,900.00",1.10M,-2.64%
14/03/2019,"6,070.00","6,000.00","6,150.00","5,930.00",1.47M,-0.33%
13/03/2019,"6,090.00","6,090.00","6,090.00","5,800.00",1.37M,0.00%
12/3/2019,"6,090.00","6,000.00","6,100.00","5,800.00",1.20M,1.67%
11/3/2019,"5,990.00","5,600.00","6,040.00","5,400.00",3.18M,6.02%
8/3/2019,"5,650.00","5,650.00","5,740.00","5,440.00",2.93M,5.21%
7/3/2019,"5,370.00","5,250.00","5,370.00","5,200.00",736.85K,6.97%
6/3/2019,"5,020.00","4,700.00","5,020.00","4,640.00",2.43M,6.81%
5/3/2019,"4,700.00","4,700.00","4,750.00","4,620.00",1.04M,-1.88%
4/3/2019,"4,790.00","4,700.00","4,790.00","4,600.00",1.20M,-0.21%
1/3/2019,"4,800.00","4,700.00","4,800.00","4,600.00",1.09M,0.63%
